crop_type,soil_moisture,temperature,rainfall,irrigation_amount_mm
wheat,32.47,43.28,19.75,32.9
wheat,19.36,12.03,30.17,24.43
wheat,46.07,34.78,0.31,34.39
wheat,21.0,20.65,11.16,34.19
wheat,35.92,20.19,14.2,25.92
wheat,31.98,25.96,23.07,25.1
wheat,21.98,28.0,13.46,36.51
wheat,20.23,12.28,44.61,15.57
wheat,67.94,38.29,5.45,34.53
wheat,36.41,14.27,10.25,25.29
wheat,12.06,41.83,4.49,48.91
wheat,41.2,29.13,3.07,34.97
wheat,68.18,37.13,42.08,15.64
wheat,65.31,13.1,3.27,27.19
wheat,12.71,21.39,7.38,42.05
wheat,31.41,19.83,11.74,28.88
wheat,18.46,38.08,1.16,48.97
wheat,53.74,36.99,1.15,37.05
wheat,31.51,14.06,29.83,16.4
wheat,13.81,20.88,5.9,42.59
wheat,53.78,32.31,32.73,16.5
wheat,52.79,36.63,12.36,29.86
wheat,56.26,27.28,11.1,26.27
wheat,16.47,11.1,15.18,32.66
wheat,28.86,27.8,35.72,21.22
wheat,55.33,18.01,1.2,25.86
wheat,27.39,15.64,39.82,16.52
wheat,62.29,38.13,3.1,36.94
wheat,63.55,28.88,24.71,20.23
wheat,16.6,17.98,8.36,38.3
wheat,59.08,40.13,0.1,33.52
wheat,23.33,14.2,6.18,34.68
wheat,66.57,21.31,10.97,23.12
wheat,68.31,43.69,4.35,38.9
wheat,39.83,20.53,5.03,29.68
wheat,40.16,11.8,4.9,26.58
wheat,64.5,18.38,2.35,28.19
wheat,24.52,33.52,21.51,33.36
wheat,24.26,35.49,6.88,43.7
wheat,42.15,13.16,27.05,17.35
wheat,29.25,16.53,0.62,37.45
wheat,11.0,27.92,3.85,47.36
wheat,48.71,16.1,17.61,20.07
wheat,18.25,21.94,1.81,41.17
wheat,65.48,40.71,4.47,37.11
wheat,43.31,28.54,4.15,32.39
wheat,15.59,41.4,34.6,31.84
wheat,30.95,35.41,34.11,26.72
wheat,63.23,37.3,15.41,29.05
wheat,10.55,13.55,16.34,36.1
wheat,10.3,15.63,11.94,38.97
wheat,23.46,34.93,4.06,45.12
wheat,29.52,36.13,15.73,35.69
wheat,44.1,13.28,6.88,25.88
wheat,25.91,18.54,54.18,11.73
wheat,47.87,37.82,10.48,31.03
wheat,44.61,27.24,3.26,29.5
wheat,11.46,32.59,2.92,49.63
wheat,66.43,43.39,36.95,20.19
wheat,68.0,43.73,28.76,25.72
wheat,27.67,23.48,28.57,23.02
wheat,43.41,42.77,17.86,29.62
wheat,44.2,13.4,14.32,22.29
wheat,54.45,34.4,18.18,26.24
wheat,31.57,20.28,24.86,23.68
wheat,64.79,27.9,10.44,27.82
wheat,57.9,32.75,18.16,25.87
wheat,30.28,23.15,1.48,36.91
wheat,44.7,11.26,9.4,20.25
wheat,45.45,11.07,0.57,27.75
wheat,59.36,22.61,2.04,31.86
wheat,22.95,31.8,1.34,43.67
wheat,13.1,28.6,11.67,43.5
wheat,68.55,28.07,5.85,31.05
wheat,57.71,19.48,8.67,23.8
wheat,20.4,15.48,4.32,39.09
wheat,42.95,35.01,16.19,28.9
wheat,46.7,24.69,4.27,31.72
wheat,31.36,36.52,0.22,41.78
wheat,15.87,27.21,9.62,43.49
wheat,20.39,25.18,7.63,41.15
wheat,12.72,23.11,14.75,39.88
wheat,40.19,39.98,16.12,31.29
wheat,45.15,42.91,12.85,32.33
wheat,33.29,32.52,9.19,36.21
wheat,33.17,43.64,35.36,26.71
wheat,21.75,12.43,1.59,36.44
wheat,29.14,39.57,0.35,44.6
wheat,58.87,19.86,1.89,29.93
wheat,62.65,35.73,24.4,25.77
wheat,26.92,16.21,20.83,23.02
wheat,56.58,21.93,40.05,8.41
wheat,61.5,25.01,20.85,20.47
wheat,64.15,27.68,26.27,19.83
wheat,29.2,41.34,7.39,41.04
wheat,67.0,43.27,12.78,31.5
wheat,47.91,25.7,5.21,30.98
wheat,55.14,37.71,23.38,23.1
wheat,15.47,27.3,0.89,42.13
wheat,63.26,22.28,1.87,32.13
wheat,18.58,36.65,14.44,40.18
wheat,59.31,34.72,1.27,35.06
wheat,15.09,44.53,7.03,50.99
wheat,66.83,44.51,21.0,28.09
wheat,32.58,12.92,22.52,18.78
wheat,64.38,13.89,10.18,24.77
wheat,10.68,26.4,0.87,48.98
wheat,45.0,43.68,7.05,36.6
wheat,27.14,40.4,3.8,43.9
wheat,69.58,12.58,12.11,22.92
wheat,68.16,28.31,14.89,24.73
wheat,47.65,30.45,34.71,19.11
wheat,12.73,19.83,45.06,21.26
wheat,47.21,19.71,3.13,29.28
wheat,37.82,22.37,13.14,24.24
wheat,58.83,33.97,2.66,34.3
wheat,64.66,38.79,44.88,15.69
wheat,35.09,42.65,30.16,30.15
wheat,12.71,10.92,7.09,38.93
wheat,32.85,43.95,27.69,29.05
wheat,60.3,26.4,8.04,27.88
wheat,61.88,38.45,122.59,8.0
wheat,69.8,29.44,21.98,21.82
wheat,17.75,43.39,13.98,41.73
wheat,23.72,33.51,14.44,36.02
wheat,50.29,28.21,22.2,21.23
wheat,41.21,39.83,12.04,34.66
wheat,34.21,14.69,0.44,32.39
wheat,55.31,31.71,18.26,24.4
wheat,10.87,22.27,13.37,38.57
wheat,33.53,25.31,35.18,19.5
wheat,57.02,23.88,14.6,20.5
wheat,61.74,43.23,2.39,37.58
wheat,25.49,26.07,58.7,12.55
wheat,39.56,21.51,15.05,24.84
wheat,17.73,14.48,2.47,38.42
wheat,18.33,32.43,3.01,46.09
wheat,38.44,33.36,2.84,35.94
wheat,21.54,11.43,2.78,35.45
wheat,15.32,14.22,9.26,35.38
wheat,22.38,22.75,10.5,35.38
wheat,57.96,31.98,1.28,33.71
wheat,62.41,42.23,0.95,39.2
wheat,54.9,16.46,3.52,25.39
wheat,32.23,26.96,14.45,29.87
wheat,54.85,11.28,4.36,22.03
wheat,52.8,41.33,10.75,31.2
wheat,36.84,28.64,4.17,34.66
wheat,26.15,23.2,0.3,37.52
wheat,29.65,14.19,33.18,16.84
wheat,45.62,33.77,23.35,22.02
wheat,42.23,30.54,20.52,24.7
wheat,35.9,14.47,5.01,31.19
wheat,44.25,22.46,64.59,8.0
wheat,46.35,18.3,1.61,27.33
wheat,19.64,16.53,5.03,36.07
wheat,20.4,41.39,1.25,44.74
wheat,68.94,13.92,7.61,24.72
wheat,68.17,40.29,25.48,23.79
wheat,50.12,42.53,12.2,31.61
wheat,44.3,19.8,22.01,17.88
wheat,35.53,27.77,4.16,33.28
wheat,16.89,31.37,5.11,42.44
wheat,38.87,28.64,0.8,35.72
wheat,30.2,14.7,0.98,32.77
wheat,50.89,36.61,13.58,30.49
wheat,38.29,24.41,6.44,31.32
wheat,20.87,12.33,20.27,28.36
wheat,44.47,39.46,2.26,35.5
wheat,19.82,15.75,25.28,27.38
wheat,49.91,28.31,6.67,29.08
wheat,59.0,25.37,7.1,29.52
wheat,37.76,20.55,20.65,20.28
wheat,63.97,23.44,11.76,25.02
wheat,64.39,31.85,1.86,33.55
wheat,30.09,14.87,23.7,23.21
wheat,47.2,28.67,33.65,15.41
wheat,28.7,18.7,20.44,26.7
wheat,12.01,29.95,21.56,37.02
wheat,59.28,13.87,28.11,14.69
wheat,17.65,23.91,23.94,30.76
wheat,53.34,35.2,15.37,27.07
wheat,51.64,29.0,4.35,29.33
wheat,64.51,30.42,7.68,29.06
wheat,37.72,43.15,2.5,41.06
wheat,46.69,10.63,30.85,16.04
wheat,65.93,29.78,17.89,24.79
wheat,19.15,30.17,14.0,38.86
wheat,35.45,35.78,40.86,19.55
wheat,16.79,44.47,27.39,39.46
wheat,17.48,42.23,30.59,39.29
wheat,33.94,11.92,6.12,30.2
wheat,58.17,10.16,6.09,25.74
wheat,65.19,22.12,6.39,23.67
wheat,54.25,25.83,3.82,28.24
wheat,20.58,27.44,8.14,39.17
wheat,64.89,22.68,13.03,22.53
wheat,67.66,15.2,8.03,24.34
wheat,15.12,44.89,10.46,46.65
wheat,55.0,17.35,34.25,11.54
wheat,22.31,16.67,0.56,41.96
wheat,13.94,37.14,9.06,44.14
wheat,41.46,25.43,7.68,27.66
wheat,20.92,40.16,43.81,26.8
wheat,32.4,19.48,15.49,26.67
wheat,19.37,35.06,16.13,38.89
wheat,11.63,17.77,3.94,41.8
wheat,20.71,32.85,4.08,43.33
wheat,15.97,18.51,19.22,32.71
wheat,33.83,33.38,3.44,38.54
wheat,27.59,41.37,0.2,43.28
wheat,63.56,38.61,6.27,36.45
wheat,25.57,23.29,13.38,34.0
wheat,34.56,29.32,8.59,31.51
wheat,27.67,43.2,21.63,37.22
wheat,57.99,24.88,0.34,31.24
wheat,26.12,28.96,15.06,33.12
wheat,60.1,44.45,11.19,33.06
wheat,20.3,19.53,0.28,37.84
wheat,43.25,32.8,26.56,22.96
wheat,22.39,10.38,2.21,39.0
wheat,49.9,16.14,36.87,11.87
wheat,35.13,23.41,10.98,29.3
wheat,46.19,18.59,7.4,25.53
wheat,27.32,22.45,19.04,29.77
wheat,38.56,33.23,41.43,14.34
wheat,53.95,17.52,0.48,29.18
wheat,13.09,27.37,13.63,37.72
wheat,30.05,36.98,1.69,42.44
wheat,39.73,34.09,8.56,32.73
wheat,24.78,38.67,24.1,32.38
wheat,45.41,22.63,1.44,31.23
wheat,65.04,14.79,45.01,8.0
wheat,42.51,40.55,19.76,28.62
wheat,58.39,33.06,17.68,25.2
wheat,39.37,17.74,65.93,8.0
wheat,66.64,11.38,18.34,19.56
wheat,12.04,34.41,5.29,47.65
wheat,65.46,43.99,43.31,19.13
wheat,60.67,21.17,26.48,16.6
wheat,12.22,30.87,3.92,45.07
wheat,53.49,12.29,5.68,26.58
wheat,42.37,37.68,5.76,36.18
wheat,46.95,18.15,0.37,29.0
wheat,62.21,10.74,31.16,12.99
wheat,57.93,44.93,6.48,36.3
wheat,56.03,24.07,9.81,27.6
wheat,69.05,36.89,8.11,32.67
wheat,35.28,35.82,4.09,37.7
wheat,27.23,20.37,3.99,34.44
wheat,12.53,10.63,66.0,9.21
wheat,50.78,17.64,44.92,8.0
wheat,57.18,13.13,8.11,26.91
wheat,20.02,44.69,3.95,47.64
wheat,66.56,32.74,14.04,25.22
wheat,20.59,17.72,3.1,38.13
wheat,56.78,22.25,0.89,29.39
wheat,55.49,34.36,2.51,32.23
wheat,58.95,17.86,3.8,30.28
wheat,44.81,13.2,31.49,13.25
wheat,25.94,14.53,32.94,20.42
wheat,43.05,13.04,7.88,26.06
wheat,32.36,19.09,19.28,23.92
wheat,23.21,33.91,1.19,44.26
wheat,61.07,27.33,9.83,29.33
wheat,30.87,33.73,12.51,35.61
wheat,26.02,40.75,23.95,35.77
wheat,62.04,34.79,27.21,22.44
wheat,51.85,33.8,14.46,26.82
wheat,62.85,40.51,0.45,38.2
wheat,59.55,14.51,6.12,23.4
wheat,59.08,39.12,10.62,32.58
wheat,10.38,20.05,14.39,37.94
wheat,25.59,32.19,11.65,37.42
wheat,56.79,13.74,21.47,17.57
wheat,30.51,32.14,40.33,20.78
wheat,16.15,42.8,17.47,42.59
wheat,52.49,12.36,13.09,20.35
wheat,30.75,31.73,0.7,40.8
wheat,11.48,10.77,5.86,38.87
wheat,39.32,36.96,17.25,27.67
wheat,69.83,24.92,9.01,26.35
wheat,19.82,37.82,17.75,40.77
wheat,26.4,43.28,2.46,47.92
wheat,35.94,43.03,8.16,36.86
wheat,26.45,44.44,7.9,46.16
wheat,63.65,18.05,3.59,27.03
wheat,32.11,40.25,9.61,38.25
wheat,68.09,16.49,30.45,13.94
wheat,60.69,36.64,14.76,29.86
wheat,17.87,11.14,38.05,22.56
wheat,38.89,14.11,2.01,29.98
wheat,51.13,25.06,3.36,28.73
wheat,44.92,19.41,23.96,17.3
wheat,28.62,25.93,0.18,38.9
wheat,38.8,31.0,5.17,33.07
wheat,51.7,40.1,22.7,26.15
wheat,16.3,18.47,64.76,10.95
wheat,18.55,27.46,14.44,37.95
wheat,10.59,21.43,10.94,42.76
wheat,15.27,22.27,0.51,43.26
wheat,17.96,29.86,17.54,35.74
wheat,58.04,17.01,2.75,27.34
wheat,52.39,11.11,41.28,8.0
wheat,13.12,28.95,18.52,38.76
wheat,58.1,21.88,25.3,18.63
wheat,14.81,41.32,11.9,45.37
wheat,48.61,28.42,19.73,24.98
wheat,14.9,12.11,4.26,37.37
wheat,57.38,33.05,10.34,28.76
wheat,43.32,35.17,3.89,32.69
wheat,50.81,12.53,0.47,28.11
wheat,25.46,26.19,30.41,26.97
wheat,35.53,22.11,6.96,32.44
wheat,69.26,11.4,30.26,10.02
wheat,53.52,27.03,31.0,19.81
wheat,64.04,24.76,4.86,30.17
wheat,22.64,31.8,14.98,37.06
wheat,53.99,14.6,18.87,18.55
wheat,39.54,18.65,30.69,15.64
wheat,36.72,28.02,6.68,31.36
wheat,33.46,43.93,4.48,42.5
wheat,49.4,21.38,22.27,16.58
wheat,14.41,15.94,11.0,35.73
wheat,30.22,39.01,8.46,40.5
wheat,52.41,15.85,2.75,24.37
wheat,12.2,35.77,16.35,44.22
wheat,58.34,30.49,30.41,18.36
wheat,22.35,13.92,4.72,35.41
wheat,66.2,11.38,1.95,25.49
wheat,37.13,42.69,5.7,38.38
wheat,18.9,44.53,50.34,25.9
wheat,10.3,43.31,15.29,46.6
wheat,40.94,27.11,16.49,27.56
wheat,18.38,11.05,5.52,35.31
wheat,50.41,43.95,1.48,39.31
wheat,50.36,25.53,30.39,17.34
wheat,60.29,43.06,17.24,28.73
wheat,39.83,31.62,30.48,20.56
wheat,65.86,34.13,16.93,26.79
wheat,22.94,33.06,7.51,39.74
wheat,49.47,44.98,0.74,39.57
wheat,68.63,24.24,30.69,16.36
wheat,54.31,40.75,7.77,36.07
wheat,29.62,33.37,24.74,30.48
wheat,36.13,38.62,1.92,40.93
wheat,42.67,10.2,5.89,23.69
wheat,51.73,23.6,8.93,24.01
wheat,24.25,23.06,3.87,38.38
wheat,50.09,31.68,9.34,28.45
wheat,32.79,40.22,10.98,36.91
wheat,30.47,23.31,7.63,33.51
wheat,44.81,28.68,14.04,27.05
wheat,53.09,43.44,0.28,39.6
wheat,21.75,10.26,15.64,29.77
wheat,65.62,12.11,40.87,8.0
wheat,31.1,13.55,9.98,27.46
wheat,28.44,38.11,11.62,36.91
wheat,28.68,31.36,18.89,31.04
wheat,17.31,16.34,17.14,29.54
wheat,20.89,28.38,18.52,34.68
wheat,25.39,43.7,9.91,41.44
wheat,58.36,29.26,0.67,33.58
wheat,46.1,38.67,32.34,21.01
wheat,23.68,17.42,14.16,32.7
wheat,64.0,22.37,4.05,27.97
wheat,56.83,19.62,25.94,19.11
wheat,15.73,31.84,9.02,41.65
wheat,45.2,15.88,20.03,17.31
wheat,15.74,10.83,15.41,33.64
wheat,46.43,29.13,3.96,33.36
wheat,39.81,44.57,2.2,38.04
wheat,51.71,24.15,8.38,28.43
wheat,69.48,14.49,1.65,28.33
wheat,53.46,30.24,4.81,29.54
wheat,31.3,12.43,10.98,27.11
wheat,14.06,38.01,3.99,50.18
wheat,49.05,28.65,5.88,30.18
wheat,29.98,33.43,77.09,12.67
wheat,53.84,26.28,0.93,34.47
wheat,43.74,43.52,2.89,36.54
wheat,42.15,13.38,8.98,25.24
wheat,55.37,22.17,16.4,21.36
wheat,19.14,44.74,39.26,29.29
wheat,42.4,39.47,11.04,31.82
wheat,55.32,14.47,26.24,14.72
wheat,56.92,34.81,0.55,33.54
wheat,31.61,13.07,41.46,11.46
wheat,43.23,20.69,7.59,30.01
wheat,40.94,42.18,10.31,33.35
wheat,69.53,39.8,3.51,35.01
wheat,62.68,40.38,24.59,27.11
wheat,57.4,20.66,1.27,27.35
wheat,51.7,22.11,55.7,8.0
wheat,48.46,38.79,2.13,39.65
wheat,55.89,16.12,10.47,22.26
wheat,33.92,15.12,6.87,29.86
wheat,35.95,20.91,10.58,28.73
wheat,36.37,13.7,15.36,24.51
wheat,49.01,15.32,0.95,25.23
rice,56.85,26.09,0.9,56.01
rice,17.28,20.61,1.6,72.06
rice,51.53,12.18,10.68,50.42
rice,47.43,28.45,8.33,59.69
rice,17.84,41.03,8.96,75.59
rice,34.85,38.96,19.84,60.68
rice,56.16,10.39,8.07,51.36
rice,25.59,36.61,2.21,74.45
rice,42.12,17.53,0.18,60.71
rice,42.88,25.9,27.9,49.52
rice,15.88,27.09,2.44,76.67
rice,38.56,23.16,7.52,59.3
rice,37.57,37.48,33.4,55.55
rice,36.26,18.91,27.57,49.47
rice,12.31,41.56,9.28,81.01
rice,63.71,32.28,14.28,51.38
rice,14.0,28.14,2.44,76.32
rice,50.81,11.46,1.33,60.3
rice,52.98,12.52,1.11,55.65
rice,27.79,22.24,22.35,59.61
rice,49.68,16.48,2.87,57.88
rice,55.86,19.28,0.32,54.89
rice,14.93,43.88,5.25,81.57
rice,32.92,17.2,1.94,67.43
rice,46.9,37.11,15.49,57.57
rice,68.11,37.95,5.2,54.44
rice,68.8,31.07,13.1,48.49
rice,49.39,14.48,6.19,56.82
rice,65.69,17.86,6.98,45.59
rice,46.78,43.01,4.13,63.62
rice,17.29,16.91,32.7,55.11
rice,58.96,40.15,28.11,49.29
rice,65.14,18.83,21.1,43.21
rice,53.71,37.18,16.01,54.93
rice,20.65,29.08,62.67,44.65
rice,53.56,38.62,3.6,61.87
rice,40.35,39.42,19.8,63.61
rice,40.5,20.41,12.49,58.39
rice,51.33,40.57,15.17,57.06
rice,37.69,10.33,4.25,62.88
rice,53.59,44.71,1.57,67.37
rice,22.24,29.43,19.81,63.67
rice,46.96,16.58,6.59,57.24
rice,10.31,36.63,0.54,84.38
rice,54.74,17.09,47.58,30.65
rice,18.93,20.7,31.39,55.38
rice,69.78,22.89,8.93,46.62
rice,45.58,23.7,7.98,57.94
rice,51.74,10.11,14.5,52.47
rice,15.58,30.59,9.84,71.9
rice,48.54,12.27,13.01,55.69
rice,46.21,33.68,24.52,55.7
rice,26.19,38.88,10.34,72.72
rice,52.46,37.6,10.92,57.45
rice,36.41,15.16,5.97,60.62
rice,23.24,30.94,19.96,64.19
rice,69.9,42.66,15.43,53.13
rice,57.14,14.14,7.91,49.97
rice,60.39,23.43,12.73,46.41
rice,31.73,21.71,0.4,67.29
rice,11.45,39.11,4.78,77.7
rice,66.44,19.08,8.42,47.4
rice,62.36,39.47,3.09,58.34
rice,38.98,14.67,1.26,65.17
rice,53.68,27.38,8.61,56.29
rice,19.53,31.36,2.18,76.28
rice,55.08,32.99,47.06,35.86
rice,24.82,41.72,4.31,74.48
rice,26.32,36.58,8.96,69.97
rice,13.76,41.73,2.25,81.8
rice,41.95,24.39,6.4,60.5
rice,43.61,42.79,0.81,69.67
rice,35.13,19.11,19.69,53.93
rice,43.92,26.24,53.64,37.21
rice,46.51,22.23,1.82,58.86
rice,25.06,39.77,12.36,70.09
rice,41.4,14.02,29.51,47.42
rice,52.47,29.02,1.28,60.04
rice,37.5,26.96,2.72,64.33
rice,34.71,32.78,11.83,67.05
rice,13.74,27.94,24.63,64.16
rice,57.18,17.05,4.49,53.19
rice,19.88,21.56,21.21,59.53
rice,62.67,40.79,30.67,45.37
rice,24.33,25.79,62.99,41.73
rice,64.55,28.85,10.33,48.67
rice,16.33,32.99,25.9,67.31
rice,67.87,17.13,11.11,44.3
rice,27.23,37.75,12.93,70.62
rice,33.76,42.03,11.42,69.16
rice,19.48,34.36,23.64,66.86
rice,64.37,19.69,61.59,21.64
rice,18.44,17.07,3.05,71.87
rice,19.13,25.41,14.33,67.98
rice,15.01,40.88,24.41,70.63
rice,35.07,44.44,16.54,66.19
rice,48.08,15.81,32.05,41.81
rice,10.76,29.59,11.24,73.44
rice,53.16,41.16,1.24,63.16
rice,61.49,38.67,11.67,55.3
rice,52.61,21.0,9.56,52.55
rice,31.47,27.3,26.43,57.95
rice,30.11,16.08,18.67,57.52
rice,30.88,25.76,20.72,57.88
rice,49.07,31.73,6.52,59.65
rice,68.75,32.19,2.02,55.22
rice,50.57,21.38,17.39,49.19
rice,60.22,19.77,15.45,47.21
rice,51.65,27.94,5.46,59.2
rice,66.3,40.49,21.79,45.94
rice,57.31,33.27,4.52,58.12
rice,43.63,13.88,8.89,58.15
rice,37.62,40.26,11.87,66.07
rice,16.64,24.79,0.64,74.46
rice,54.39,42.13,4.93,61.71
rice,64.65,36.39,24.51,46.78
rice,11.08,43.7,19.46,76.55
rice,26.89,40.55,1.79,74.88
rice,52.22,28.92,1.52,56.93
rice,45.9,20.4,5.35,57.48
rice,54.59,11.68,34.98,39.84
rice,45.59,41.23,3.07,68.24
rice,14.74,18.38,23.74,62.87
rice,69.73,39.95,11.05,50.82
rice,13.82,39.1,13.71,75.42
rice,59.76,40.76,12.72,56.47
rice,41.05,25.06,5.72,63.36
rice,46.12,41.24,8.79,63.27
rice,46.43,32.1,13.44,56.16
rice,40.74,13.65,7.28,60.45
rice,39.26,32.83,45.1,47.58
rice,40.38,32.19,1.1,67.52
rice,25.26,22.66,9.59,65.02
rice,21.77,31.38,4.94,69.63
rice,22.42,28.08,0.08,75.18
rice,44.32,27.94,5.21,60.21
rice,65.91,23.9,1.37,50.34
rice,30.71,27.76,31.1,54.59
rice,39.61,34.58,74.04,37.86
rice,33.67,24.76,7.94,62.25
rice,64.46,34.99,14.04,51.8
rice,67.3,38.74,0.02,56.83
rice,48.18,11.79,4.47,57.55
rice,51.2,14.01,7.26,53.66
rice,37.37,22.92,1.93,66.11
rice,14.26,12.81,6.57,70.81
rice,66.5,33.4,17.03,49.13
rice,10.61,32.26,36.68,59.64
rice,46.75,40.58,19.31,58.08
rice,18.53,10.41,8.22,67.68
rice,27.7,27.01,12.91,61.39
rice,53.75,32.83,28.02,48.48
rice,51.55,25.05,16.77,49.47
rice,57.34,25.62,24.02,43.25
rice,59.35,40.01,37.27,40.39
rice,44.93,22.99,13.78,53.49
rice,52.34,34.09,7.04,58.64
rice,18.56,41.15,6.37,75.56
rice,19.27,10.89,15.57,62.68
rice,14.3,24.34,5.59,74.77
rice,50.63,31.2,6.8,61.58
rice,18.43,27.0,0.42,74.05
rice,40.33,43.74,7.27,66.52
rice,11.4,36.47,9.2,76.76
rice,27.35,41.5,1.85,75.68
rice,63.3,31.1,26.29,43.6
rice,69.04,20.09,48.72,23.51
rice,30.42,28.95,2.51,66.85
rice,43.22,28.96,21.53,53.49
rice,28.14,19.08,3.25,68.81
rice,13.46,21.99,4.73,72.92
rice,30.84,30.32,2.25,70.32
rice,36.64,31.92,10.07,64.13
rice,44.16,31.72,3.37,64.93
rice,33.71,11.38,9.68,58.95
rice,67.84,41.83,19.21,49.41
rice,42.0,40.45,2.1,68.14
rice,57.65,19.65,31.44,40.0
rice,66.64,15.21,9.32,46.58
rice,61.81,30.61,7.06,53.93
rice,27.15,17.11,21.52,58.63
rice,39.54,30.2,30.1,48.06
rice,68.84,24.27,26.36,38.62
rice,67.36,17.02,1.74,52.31
rice,61.24,25.37,28.16,40.76
rice,40.63,31.93,39.13,48.88
rice,11.15,26.69,17.46,70.81
rice,18.07,20.48,6.66,71.44
rice,58.27,19.76,3.55,52.45
rice,10.86,35.83,26.95,69.7
rice,54.43,15.0,21.0,47.3
rice,55.97,39.61,14.26,57.75
rice,15.32,27.07,1.21,73.32
rice,13.96,22.21,1.76,71.72
rice,58.49,43.17,1.13,62.88
rice,27.97,12.69,10.42,64.37
rice,57.67,34.75,0.77,59.77
rice,27.72,18.13,4.95,65.24
rice,58.21,42.52,7.79,58.95
rice,38.59,17.91,15.34,57.16
rice,68.74,31.12,6.64,49.36
rice,63.32,27.61,8.95,51.03
rice,45.15,31.87,1.12,62.66
rice,52.84,38.79,24.44,53.14
rice,43.15,28.21,2.31,62.05
rice,39.8,19.95,2.16,63.6
rice,47.77,11.9,20.71,48.46
rice,26.57,34.74,0.97,73.93
rice,60.36,10.13,4.25,50.67
rice,16.11,22.61,4.73,73.57
rice,60.56,20.97,23.33,42.09
rice,64.6,23.21,49.9,29.13
rice,15.36,34.05,10.21,76.4
rice,52.23,10.15,2.74,54.38
rice,52.78,33.32,50.74,35.07
rice,16.32,37.36,15.5,73.89
rice,12.89,22.6,47.13,47.88
rice,37.46,17.31,6.9,60.97
rice,32.19,11.83,21.89,57.67
rice,61.02,17.42,16.07,45.28
rice,38.34,40.81,3.65,71.15
rice,27.72,14.78,15.82,63.27
rice,54.32,21.05,15.53,51.37
rice,21.95,41.16,5.08,75.35
rice,32.07,12.03,1.77,63.32
rice,60.13,10.51,7.15,50.8
rice,30.24,10.68,1.99,66.32
rice,34.26,28.58,13.56,57.73
rice,10.6,26.24,49.66,56.38
rice,28.71,37.09,22.24,63.57
rice,41.28,44.16,2.01,70.18
rice,25.93,10.61,5.21,67.26
rice,56.39,28.13,6.42,56.6
rice,68.45,39.65,0.36,55.3
rice,63.91,37.41,22.74,43.87
rice,28.17,12.3,3.89,65.22
rice,24.8,26.94,20.64,60.71
rice,67.47,43.0,23.07,47.69
rice,69.48,29.06,49.36,27.82
rice,23.52,16.85,2.28,68.55
rice,47.34,37.35,12.95,60.1
rice,48.16,23.59,16.82,51.25
rice,25.59,22.08,37.42,50.66
rice,63.41,34.77,0.96,54.59
rice,18.84,10.27,14.95,63.66
rice,67.48,28.54,4.15,51.19
rice,40.04,33.79,1.19,68.62
rice,37.58,29.13,8.51,62.01
rice,12.63,15.8,8.85,71.81
rice,24.52,43.62,3.29,77.78
rice,67.09,44.82,18.66,50.93
rice,25.57,25.29,13.5,64.81
rice,14.38,31.78,59.59,49.72
rice,64.47,43.03,48.33,35.61
rice,41.29,44.21,21.24,60.81
rice,53.1,18.66,15.35,47.81
rice,50.0,15.69,12.49,52.5
rice,10.73,10.32,6.62,75.45
rice,65.57,18.0,15.09,43.15
rice,60.88,35.51,1.5,56.88
rice,35.72,11.02,9.83,59.06
rice,27.33,23.92,37.8,51.33
rice,69.6,11.57,21.47,37.18
rice,55.26,42.14,45.22,39.43
rice,44.63,22.5,23.24,50.36
rice,31.51,32.98,4.12,67.03
rice,21.5,42.14,1.61,76.54
rice,12.34,11.26,2.89,74.3
rice,62.01,19.89,45.07,28.5
rice,44.81,28.08,21.33,55.83
rice,26.95,22.36,33.68,54.54
rice,38.58,27.41,3.44,63.73
rice,45.47,16.51,6.04,57.22
rice,14.27,12.42,42.4,54.3
rice,40.42,24.33,24.98,50.79
rice,51.62,36.99,15.95,57.48
rice,19.1,40.66,11.62,73.45
rice,12.25,14.48,21.76,62.36
rice,10.0,24.58,11.09,71.14
rice,28.24,18.06,0.02,67.0
rice,53.76,43.84,3.81,65.71
rice,60.91,24.79,5.41,53.48
rice,29.52,34.94,25.46,59.73
rice,64.12,38.23,62.85,27.19
rice,55.25,23.76,13.4,49.49
rice,42.67,34.83,2.75,66.15
rice,56.84,30.43,45.62,33.85
rice,52.87,36.57,1.62,63.66
rice,40.83,27.81,6.91,63.37
rice,37.7,42.23,17.79,64.98
rice,53.74,40.16,4.8,61.12
rice,30.72,21.75,57.61,39.43
rice,61.39,34.54,19.48,49.85
rice,39.78,23.32,2.67,62.68
rice,57.17,35.71,7.28,57.28
rice,24.1,34.67,25.48,63.41
rice,42.79,43.85,0.8,73.07
rice,61.76,16.27,24.14,41.45
rice,43.16,23.88,2.12,59.84
rice,62.28,33.54,23.89,44.37
rice,25.03,31.87,12.72,67.68
rice,27.26,20.74,6.53,64.76
rice,47.28,21.69,19.79,49.05
rice,57.03,20.0,8.5,51.11
rice,51.13,21.64,0.87,58.62
rice,48.5,33.5,15.01,56.29
rice,21.94,24.64,20.85,61.57
rice,26.58,25.12,58.96,40.27
rice,14.05,28.15,2.97,78.18
rice,52.27,24.8,6.38,54.73
rice,33.86,19.25,3.45,61.67
rice,27.25,32.99,51.88,47.25
rice,46.22,12.69,1.18,59.74
rice,15.52,30.97,14.66,70.8
rice,48.91,19.36,0.23,60.91
rice,46.6,20.95,4.74,59.43
rice,45.86,40.31,43.99,45.62
rice,45.26,34.54,17.1,57.77
rice,34.49,10.54,13.12,58.68
rice,67.45,23.97,27.47,35.51
rice,21.31,33.54,56.59,46.68
rice,54.9,42.01,8.54,60.07
rice,25.52,25.2,19.28,61.43
rice,46.8,32.32,4.16,62.11
rice,52.84,13.2,3.33,56.34
rice,10.82,18.69,3.62,75.42
rice,26.25,18.66,0.97,71.51
rice,46.4,33.55,1.27,63.9
rice,67.09,39.35,24.53,43.63
rice,47.01,36.0,20.09,55.96
rice,41.29,12.4,6.96,59.42
rice,42.3,19.41,6.89,59.92
rice,63.72,33.33,23.22,48.71
rice,24.9,34.69,8.37,69.81
rice,36.55,32.73,41.3,47.72
rice,11.31,20.54,10.48,68.26
rice,13.37,27.19,39.28,58.05
rice,34.58,32.93,4.52,67.24
rice,19.57,15.62,1.1,72.71
rice,62.9,38.49,17.33,49.32
rice,16.63,20.12,5.56,71.14
rice,42.13,22.49,6.55,56.72
rice,59.71,37.63,5.52,56.15
rice,40.34,42.94,31.35,53.75
rice,16.15,23.75,12.09,66.53
rice,61.53,33.69,27.29,44.61
rice,61.53,36.19,8.68,53.25
rice,50.42,16.27,17.76,50.22
rice,23.78,14.11,2.71,69.36
rice,19.68,12.92,0.29,74.87
rice,19.94,41.18,4.15,76.7
rice,23.34,28.17,14.04,65.76
rice,24.72,12.02,7.44,65.3
rice,67.59,31.57,12.21,47.51
rice,34.95,25.01,11.68,62.52
rice,20.3,27.5,7.96,71.92
rice,62.23,32.1,11.41,51.96
rice,17.03,21.8,2.31,71.05
rice,51.52,17.22,7.46,54.14
rice,40.47,24.67,0.27,64.24
rice,57.57,12.42,9.64,53.57
rice,51.32,18.86,0.15,59.52
rice,53.41,28.75,27.13,46.89
rice,39.11,21.68,23.52,52.4
rice,37.08,16.42,28.96,49.95
rice,14.54,23.57,24.41,64.67
rice,64.11,17.12,1.04,51.47
rice,42.51,43.88,1.03,71.77
rice,48.9,12.59,7.06,55.27
rice,69.83,29.57,5.81,51.97
rice,23.21,22.27,6.99,67.14
rice,37.85,35.3,16.04,60.59
rice,52.53,10.29,3.68,55.46
rice,10.32,38.16,22.23,75.12
rice,42.91,12.33,21.82,53.13
rice,55.1,38.11,10.95,58.04
rice,18.42,33.49,14.53,69.21
rice,21.7,41.16,20.79,69.55
rice,64.49,36.56,13.64,52.41
rice,44.73,32.13,2.55,64.37
rice,38.44,35.07,4.74,65.87
rice,24.49,17.52,8.3,64.57
rice,64.47,27.75,3.12,53.31
rice,32.97,38.76,16.16,64.32
rice,57.77,19.52,17.68,46.56
rice,48.18,21.36,4.71,57.13
rice,21.46,34.31,3.7,72.38
rice,49.72,38.52,22.58,55.12
rice,55.65,16.57,1.39,54.09
rice,35.94,11.09,4.51,64.97
rice,12.02,40.77,4.18,80.45
rice,50.01,21.31,34.23,41.73
rice,63.29,21.39,34.68,34.73
rice,44.6,12.35,1.5,61.4
rice,69.93,21.43,20.69,39.99
rice,69.86,18.45,0.62,49.98
rice,34.67,14.55,0.34,67.3
rice,43.97,20.95,15.93,52.6
rice,23.92,10.5,21.68,61.65
rice,12.34,39.3,14.5,76.32
cotton,43.8,31.86,29.97,26.81
cotton,69.44,36.49,8.76,39.45
cotton,52.44,23.62,3.9,35.16
cotton,65.75,21.97,11.25,30.0
cotton,22.7,44.85,59.54,24.23
cotton,52.91,30.76,0.82,39.32
cotton,37.29,33.62,16.98,33.62
cotton,20.04,27.51,17.61,37.54
cotton,51.83,32.7,4.83,37.87
cotton,45.96,16.28,18.32,24.31
cotton,37.31,33.37,27.24,28.32
cotton,51.98,39.34,24.35,32.15
cotton,67.66,28.76,10.06,31.42
cotton,44.36,19.7,38.13,15.46
cotton,44.99,30.75,6.58,34.4
cotton,46.41,40.83,32.17,26.62
cotton,49.54,17.39,29.82,19.84
cotton,54.25,20.03,24.34,23.15
cotton,69.83,11.05,34.15,18.36
cotton,37.9,39.66,0.97,43.04
cotton,30.12,12.35,55.54,12.19
cotton,66.28,12.98,7.31,31.81
cotton,14.26,17.38,3.91,42.03
cotton,16.06,15.86,2.39,44.23
cotton,68.38,36.58,51.52,12.92
cotton,57.9,21.42,5.34,31.8
cotton,23.95,14.54,4.45,42.05
cotton,13.75,17.37,24.83,32.69
cotton,18.82,21.99,30.0,27.05
cotton,43.8,38.13,2.21,40.52
cotton,44.84,27.69,2.33,34.37
cotton,39.27,12.88,9.23,31.88
cotton,28.39,38.78,0.88,45.12
cotton,53.5,30.1,16.5,26.91
cotton,56.62,40.18,5.65,41.68
cotton,69.37,41.13,6.97,39.78
cotton,21.71,27.13,20.3,30.54
cotton,60.29,22.65,29.47,18.72
cotton,34.41,21.49,9.08,32.44
cotton,21.79,43.3,2.89,51.19
cotton,44.06,30.28,10.09,31.82
cotton,43.16,23.03,16.26,28.67
cotton,18.47,29.98,3.07,45.38
cotton,20.97,38.9,5.05,47.13
cotton,65.63,43.95,12.7,37.3
cotton,57.86,22.86,1.37,33.57
cotton,43.41,39.58,23.84,31.29
cotton,23.23,17.64,31.08,25.54
cotton,24.98,19.21,0.01,42.2
cotton,47.64,36.26,2.47,40.43
cotton,37.5,22.29,1.48,37.15
cotton,12.4,20.2,3.49,45.63
cotton,24.29,41.8,9.47,48.04
cotton,19.27,27.05,8.43,42.23
cotton,45.81,44.98,22.01,35.35
cotton,20.24,11.07,3.43,41.63
cotton,30.42,27.87,14.32,34.93
cotton,40.08,11.76,0.53,36.06
cotton,43.07,25.34,27.41,20.7
cotton,12.98,35.36,1.77,51.57
cotton,46.5,19.84,2.86,35.4
cotton,33.53,36.28,2.01,42.29
cotton,56.37,18.29,16.97,27.63
cotton,33.24,12.32,0.29,38.07
cotton,59.61,28.37,22.39,25.7
cotton,11.81,43.65,16.53,46.67
cotton,65.99,19.29,14.18,26.15
cotton,60.89,43.15,32.42,29.37
cotton,54.34,19.71,4.96,34.01
cotton,47.36,44.65,5.61,43.22
cotton,30.4,12.76,8.77,33.7
cotton,60.07,42.74,3.08,40.28
cotton,32.35,42.5,0.96,44.92
cotton,68.08,25.64,10.44,32.08
cotton,24.8,26.48,16.27,37.14
cotton,44.67,41.65,25.51,31.73
cotton,55.42,11.95,0.1,35.9
cotton,34.67,24.08,32.39,20.76
cotton,63.73,41.82,5.65,38.85
cotton,21.44,16.46,6.28,41.6
cotton,35.8,39.08,1.92,43.51
cotton,27.28,27.25,5.35,43.12
cotton,45.76,25.18,2.69,35.51
cotton,64.14,22.04,19.81,24.0
cotton,49.52,42.6,25.8,33.6
cotton,63.9,23.98,5.94,34.44
cotton,10.65,38.93,24.22,43.54
cotton,37.84,14.15,59.11,12.0
cotton,22.88,12.35,13.55,36.56
cotton,16.2,16.04,12.59,42.54
cotton,27.78,42.84,25.62,36.33
cotton,30.85,11.76,0.81,39.39
cotton,51.52,26.03,3.85,32.96
cotton,44.66,22.57,26.02,23.6
cotton,59.24,26.71,6.48,35.77
cotton,29.69,17.32,1.33,38.2
cotton,38.0,26.87,27.57,23.63
cotton,58.5,38.83,7.28,36.54
cotton,37.55,20.62,40.45,16.38
cotton,11.96,26.65,7.86,48.88
cotton,19.67,32.97,53.19,24.93
cotton,14.11,24.62,1.86,47.92
cotton,46.77,42.85,16.26,35.28
cotton,43.04,24.11,26.9,21.85
cotton,58.88,31.41,7.01,34.96
cotton,31.29,24.46,16.9,31.42
cotton,49.49,12.45,7.54,30.66
cotton,59.64,11.47,8.15,30.4
cotton,20.09,40.78,12.21,45.78
cotton,53.89,43.53,3.74,39.78
cotton,63.17,42.7,37.23,27.12
cotton,34.19,36.33,11.37,40.21
cotton,50.65,25.0,19.72,26.29
cotton,59.98,28.91,27.93,24.61
cotton,35.88,23.27,36.99,20.25
cotton,39.04,27.99,5.53,34.75
cotton,44.38,21.38,0.6,37.11
cotton,30.75,33.49,24.55,30.84
cotton,66.81,24.01,22.94,24.84
cotton,49.57,34.08,1.92,38.77
cotton,66.31,16.34,14.62,26.62
cotton,42.79,24.6,2.62,33.59
cotton,20.26,24.64,21.24,33.46
cotton,11.0,33.16,13.84,45.66
cotton,19.78,18.18,0.36,43.36
cotton,62.1,42.43,8.16,38.73
cotton,13.04,11.38,12.8,40.2
cotton,45.0,10.4,23.22,23.27
cotton,28.39,11.41,13.31,34.09
cotton,42.65,19.63,18.54,25.62
cotton,26.29,41.65,7.04,44.96
cotton,35.57,39.13,24.57,32.07
cotton,23.46,17.91,25.5,26.72
cotton,62.24,12.92,3.56,32.31
cotton,55.15,11.8,10.17,27.01
cotton,33.67,28.55,2.64,38.53
cotton,44.32,38.19,21.42,30.91
cotton,26.09,22.64,7.88,37.72
cotton,50.78,11.98,0.53,37.09
cotton,21.61,32.45,4.51,44.31
cotton,63.17,41.35,5.29,39.79
cotton,24.43,33.53,26.24,31.76
cotton,50.39,38.85,7.59,39.07
cotton,31.63,33.49,4.73,40.35
cotton,14.87,44.74,2.55,55.44
cotton,44.67,40.31,5.13,41.84
cotton,38.06,31.68,7.94,33.42
cotton,43.85,39.77,3.38,39.64
cotton,66.07,34.12,26.0,29.45
cotton,10.97,38.64,0.61,55.26
cotton,63.39,44.72,5.22,42.87
cotton,25.18,40.29,1.63,47.49
cotton,17.56,44.27,16.81,45.32
cotton,50.59,30.8,13.86,33.33
cotton,50.95,30.14,8.41,35.83
cotton,23.58,34.23,3.99,44.54
cotton,47.52,36.15,3.7,40.82
cotton,12.7,35.7,6.26,50.52
cotton,38.71,42.51,6.05,40.68
cotton,14.9,19.05,0.42,46.05
cotton,47.88,24.92,11.92,29.79
cotton,49.83,43.79,0.78,42.42
cotton,63.42,30.19,12.45,31.29
cotton,15.39,31.03,6.25,46.96
cotton,65.04,24.23,2.32,33.64
cotton,41.53,34.42,34.58,24.64
cotton,57.53,33.67,17.07,31.36
cotton,10.07,19.52,3.69,47.01
cotton,49.71,32.18,13.5,34.47
cotton,43.39,22.0,2.17,32.45
cotton,15.67,39.1,37.59,33.26
cotton,34.12,35.51,22.7,32.53
cotton,17.09,10.0,18.68,34.02
cotton,10.77,28.91,28.57,35.89
cotton,67.46,29.8,10.84,33.25
cotton,32.8,31.25,7.38,37.39
cotton,24.42,13.32,5.67,39.13
cotton,41.91,40.58,81.29,13.24
cotton,44.96,38.44,5.94,37.78
cotton,50.35,33.88,5.68,34.86
cotton,17.99,32.13,2.06,50.92
cotton,52.04,36.37,30.94,26.73
cotton,40.0,35.56,14.48,32.89
cotton,47.03,39.75,3.28,38.25
cotton,17.53,43.72,1.72,57.17
cotton,42.48,13.01,0.88,33.6
cotton,16.33,30.5,11.79,44.54
cotton,59.2,11.46,10.34,27.92
cotton,51.36,18.83,5.52,33.5
cotton,58.6,30.41,19.65,29.3
cotton,31.89,32.43,9.42,39.41
cotton,43.39,22.55,36.34,16.07
cotton,11.26,21.05,0.88,48.67
cotton,29.88,33.65,7.56,42.35
cotton,55.38,25.9,7.97,33.3
cotton,68.16,23.22,0.96,33.94
cotton,30.36,27.71,2.65,37.6
cotton,34.04,14.03,32.22,20.54
cotton,34.89,23.55,16.17,33.23
cotton,13.69,38.48,42.33,31.5
cotton,48.93,43.41,2.46,46.4
cotton,44.9,24.05,6.19,32.31
cotton,17.61,23.71,2.66,43.57
cotton,13.51,29.33,13.57,44.48
cotton,62.31,30.19,6.36,35.78
cotton,14.76,29.8,35.79,34.07
cotton,33.78,20.37,2.32,36.31
cotton,45.74,12.82,42.09,12.23
cotton,55.31,30.53,26.44,25.52
cotton,47.81,39.0,22.95,29.48
cotton,26.62,42.93,1.99,49.63
cotton,12.42,24.19,10.89,42.02
cotton,44.84,42.76,16.73,37.41
cotton,67.03,10.77,60.7,12.0
cotton,15.17,38.5,4.93,50.45
cotton,48.64,23.33,0.84,33.91
cotton,45.97,41.58,7.25,39.17
cotton,12.9,38.72,26.26,38.98
cotton,45.28,22.36,24.13,25.38
cotton,47.89,37.45,13.69,35.06
cotton,34.85,43.53,11.68,38.47
cotton,47.54,30.01,3.07,37.83
cotton,13.58,31.15,21.64,37.82
cotton,49.99,12.8,8.75,30.83
cotton,19.8,16.46,3.39,41.59
cotton,33.87,27.91,9.9,35.37
cotton,32.97,39.37,2.36,43.24
cotton,14.27,30.09,12.52,43.97
cotton,62.68,29.53,48.2,17.46
cotton,12.74,43.11,27.69,43.16
cotton,27.8,12.7,2.79,36.64
cotton,31.49,44.63,17.3,39.82
cotton,66.94,14.99,7.22,30.2
cotton,10.25,33.47,15.4,45.83
cotton,34.65,27.14,8.05,36.0
cotton,53.72,21.04,7.49,32.03
cotton,24.22,13.39,2.96,41.55
cotton,42.82,26.63,38.35,19.64
cotton,14.36,19.82,6.46,44.06
cotton,59.84,17.86,7.65,30.65
cotton,34.58,44.24,2.99,44.34
cotton,53.85,24.7,12.95,31.62
cotton,59.96,38.15,30.2,27.0
cotton,18.4,24.55,11.93,39.63
cotton,34.16,28.19,84.94,12.0
cotton,33.76,14.66,2.59,35.27
cotton,66.96,40.79,35.63,27.15
cotton,39.03,24.64,6.64,31.82
cotton,45.63,30.15,2.64,41.19
cotton,44.22,17.35,20.34,22.79
cotton,11.51,22.42,22.73,34.59
cotton,51.7,29.86,23.86,27.26
cotton,54.1,31.35,10.05,33.52
cotton,35.15,30.98,10.81,34.85
cotton,27.29,10.23,10.28,37.07
cotton,11.44,30.47,42.57,28.99
cotton,20.46,26.51,1.44,46.55
cotton,34.44,28.25,34.03,26.56
cotton,21.78,10.79,29.67,29.77
cotton,45.82,38.36,8.42,38.01
cotton,54.99,41.96,12.73,36.16
cotton,21.92,18.64,5.49,39.21
cotton,43.31,30.58,8.34,33.57
cotton,15.27,16.01,10.95,40.95
cotton,22.84,19.91,7.67,40.89
cotton,57.92,42.65,0.31,45.28
cotton,19.23,41.02,9.2,50.61
cotton,50.74,42.61,86.89,14.78
cotton,53.21,20.05,31.77,18.7
cotton,23.24,14.83,29.4,28.52
cotton,40.0,33.62,4.1,39.19
cotton,28.76,24.37,3.53,40.82
cotton,68.59,32.6,40.9,20.7
cotton,55.95,34.21,50.56,13.95
cotton,33.61,14.58,16.71,30.32
cotton,22.41,27.66,5.61,45.21
cotton,35.65,32.58,20.51,30.58
cotton,26.15,16.95,22.94,27.63
cotton,64.56,22.96,20.87,23.09
cotton,13.75,27.02,1.73,46.62
cotton,24.91,21.09,24.82,28.85
cotton,61.52,40.0,21.7,32.83
cotton,18.8,34.16,43.51,26.35
cotton,40.03,32.6,10.72,36.13
cotton,17.2,20.92,24.32,32.91
cotton,49.74,36.31,25.07,29.1
cotton,66.74,20.95,29.33,20.94
cotton,54.52,33.72,4.36,36.82
cotton,62.38,15.91,0.83,34.28
cotton,60.95,23.42,2.76,37.3
cotton,60.19,29.21,3.15,36.85
cotton,46.26,26.13,26.47,26.53
cotton,59.77,34.83,1.67,40.41
cotton,51.82,22.7,31.71,21.23
cotton,53.52,13.94,7.86,31.18
cotton,47.88,19.47,4.29,33.14
cotton,66.52,20.44,22.41,22.26
cotton,10.64,29.05,55.81,23.07
cotton,32.15,22.5,6.33,31.89
cotton,62.79,27.69,10.63,33.78
cotton,18.3,44.4,4.31,52.29
cotton,45.72,24.53,8.23,31.46
cotton,57.1,16.85,25.74,20.64
cotton,37.48,18.98,20.92,28.41
cotton,40.77,21.23,13.6,28.29
cotton,65.24,22.08,0.84,35.04
cotton,22.25,24.65,3.72,43.31
cotton,20.07,14.21,1.05,44.46
cotton,53.44,42.51,8.45,39.43
cotton,30.93,23.12,14.57,31.08
cotton,53.12,13.87,0.54,34.57
cotton,58.14,21.94,8.81,30.29
cotton,50.54,27.81,29.65,22.58
cotton,69.33,26.91,65.02,12.0
cotton,55.27,18.7,11.6,29.63
cotton,30.73,10.24,7.75,34.45
cotton,24.09,38.66,6.17,44.54
cotton,24.01,12.39,3.11,39.46
cotton,43.33,20.2,8.1,32.33
cotton,64.32,27.25,6.01,34.04
cotton,16.41,43.37,0.93,52.51
cotton,29.22,15.75,22.93,26.8
cotton,17.35,32.22,1.98,49.42
cotton,42.68,12.72,46.67,12.0
cotton,24.82,40.09,2.77,50.44
cotton,66.09,41.82,25.69,30.59
cotton,63.29,16.97,5.01,31.21
cotton,33.6,29.06,2.61,37.6
cotton,51.47,15.86,5.57,34.38
cotton,54.37,32.59,2.54,38.39
cotton,42.82,13.06,7.11,30.69
cotton,26.44,43.45,46.07,26.91
cotton,31.14,11.51,2.96,38.34
cotton,18.47,36.72,1.73,49.91
cotton,68.88,23.36,22.39,26.54
cotton,21.52,15.11,41.72,20.24
cotton,65.06,41.06,14.73,33.79
cotton,48.14,22.46,2.41,32.72
cotton,45.79,38.5,7.22,37.97
cotton,24.25,20.5,15.44,33.86
cotton,46.06,34.36,6.75,36.24
cotton,38.14,38.03,2.98,41.96
cotton,16.59,40.93,6.3,48.69
cotton,13.34,31.34,4.13,50.79
cotton,33.21,12.82,2.39,36.06
cotton,64.65,10.21,9.92,29.64
cotton,17.39,20.77,39.07,26.63
cotton,42.8,40.96,12.11,35.72
cotton,42.07,16.84,2.73,33.27
cotton,32.32,36.59,6.21,42.48
cotton,67.12,35.83,13.65,33.75
cotton,23.62,36.04,37.74,27.01
cotton,35.43,21.97,48.88,12.15
cotton,31.1,41.83,12.62,36.68
cotton,55.73,38.41,6.27,40.55
cotton,31.8,37.79,42.45,23.85
cotton,47.39,35.96,24.53,28.22
cotton,13.08,24.07,16.8,41.58
cotton,37.02,36.21,6.62,37.41
cotton,54.96,29.1,3.42,37.26
cotton,27.51,36.2,9.88,40.43
cotton,63.88,28.38,18.43,24.85
cotton,25.13,25.64,1.98,43.69
cotton,60.35,29.27,2.49,35.28
cotton,53.69,31.01,19.71,26.36
cotton,48.91,12.4,34.15,19.22
cotton,17.16,21.47,25.37,30.31
cotton,38.41,39.91,6.23,42.42
cotton,62.18,13.08,22.5,23.26
cotton,35.82,15.79,18.39,28.22
cotton,42.12,32.24,3.28,38.8
cotton,61.48,33.34,8.57,32.83
cotton,67.19,35.17,39.92,18.17
cotton,13.17,35.41,1.94,52.16
cotton,28.17,28.64,12.47,35.42
cotton,32.78,31.6,52.51,16.75
cotton,53.66,42.29,21.55,30.83
cotton,50.0,31.82,13.84,32.98
cotton,39.39,28.5,6.11,33.11
cotton,58.31,16.5,1.33,34.47
cotton,36.17,33.04,8.64,37.88
cotton,30.82,42.65,38.39,26.04
cotton,40.14,21.48,20.04,25.12
cotton,30.18,42.22,0.18,47.0
cotton,43.17,35.92,9.95,39.58
cotton,24.2,26.92,8.41,40.84
cotton,14.49,13.72,27.25,31.78
cotton,40.29,36.91,0.96,39.97
cotton,44.61,14.17,0.56,36.49
cotton,25.74,24.76,0.61,42.29
cotton,36.94,30.22,12.69,31.86
cotton,16.4,22.84,1.57,43.89
cotton,56.0,43.82,52.64,18.23
cotton,52.05,19.98,14.95,29.05
cotton,37.34,26.87,21.27,26.47
cotton,65.48,11.97,9.97,28.28
cotton,64.77,31.36,11.86,32.06
cotton,61.12,29.57,10.85,31.16
cotton,15.97,10.56,49.73,23.0
cotton,14.78,33.91,40.45,28.84
maize,44.54,14.41,13.07,21.17
maize,62.79,32.7,34.43,16.81
maize,47.41,14.6,5.56,25.53
maize,28.06,16.44,21.19,26.97
maize,38.45,17.9,14.38,23.87
maize,38.11,15.18,62.65,9.6
maize,22.55,14.56,3.41,36.04
maize,43.92,10.74,0.53,30.68
maize,36.75,38.58,32.47,24.08
maize,64.79,23.58,26.54,13.67
maize,18.02,42.74,20.88,40.1
maize,31.8,42.84,4.84,42.33
maize,29.93,34.53,21.74,31.75
maize,13.83,23.55,4.99,43.22
maize,28.27,44.4,15.44,40.44
maize,36.07,40.43,2.99,39.01
maize,66.86,17.66,5.92,22.16
maize,46.49,25.56,20.34,22.56
maize,23.7,12.05,5.35,33.25
maize,31.29,24.0,0.89,36.23
maize,45.0,40.95,2.47,38.72
maize,35.16,34.54,7.93,36.83
maize,40.28,10.26,17.65,21.13
maize,32.1,44.27,8.19,40.62
maize,40.12,41.85,18.95,32.52
maize,61.86,25.99,9.67,24.92
maize,33.16,43.83,17.92,33.8
maize,42.98,24.6,31.53,15.98
maize,22.24,38.93,12.24,37.95
maize,38.16,40.03,5.46,37.58
maize,21.56,14.52,5.3,35.92
maize,23.65,15.82,6.07,37.09
maize,66.4,22.01,66.5,9.6
maize,63.47,26.11,18.55,19.88
maize,69.02,11.76,1.53,23.78
maize,21.06,11.38,0.33,40.33
maize,56.47,14.71,9.46,19.31
maize,11.63,37.42,0.16,48.0
maize,55.71,41.27,8.51,28.49
maize,33.35,41.06,33.66,29.84
maize,30.15,31.53,39.24,20.74
maize,37.17,19.75,47.87,9.6
maize,18.57,30.29,4.98,41.56
maize,69.93,11.92,12.96,17.16
maize,14.95,15.41,8.69,34.87
maize,28.99,13.04,5.42,32.86
maize,67.99,43.06,6.12,34.24
maize,10.37,38.37,44.45,29.98
maize,15.48,15.65,48.57,16.77
maize,25.46,25.75,17.71,31.33
maize,53.99,44.84,5.08,37.18
maize,34.34,15.92,56.88,9.6
maize,61.2,27.44,13.87,23.21
maize,51.7,28.03,69.51,9.6
maize,46.68,22.98,22.19,17.8
maize,30.82,25.11,22.83,24.36
maize,39.05,37.79,12.89,34.01
maize,24.3,17.85,10.53,31.48
maize,25.65,10.32,15.67,24.76
maize,68.02,29.99,29.86,16.75
maize,18.37,29.92,30.37,32.27
maize,32.32,13.24,9.18,30.3
maize,33.67,40.35,4.2,39.06
maize,63.73,43.83,8.79,30.07
maize,29.26,28.41,17.46,32.18
maize,13.1,11.73,7.32,37.59
maize,31.21,21.05,10.13,29.1
maize,28.57,44.12,7.94,41.24
maize,36.68,30.18,61.42,9.6
maize,52.96,31.26,1.39,28.94
maize,50.61,12.24,13.6,17.96
maize,60.5,11.06,27.85,13.1
maize,37.62,17.62,2.15,29.64
maize,47.21,29.07,2.01,28.99
maize,27.38,18.36,3.6,36.99
maize,23.05,22.83,7.44,35.27
maize,68.59,43.41,24.15,22.38
maize,40.36,37.22,29.31,22.03
maize,60.69,22.59,17.43,18.52
maize,52.09,10.34,7.89,21.8
maize,29.76,34.27,21.8,32.12
maize,27.64,25.62,19.48,28.49
maize,51.58,44.56,3.83,36.34
maize,64.91,15.47,20.9,17.95
maize,44.1,19.61,9.65,25.77
maize,63.34,29.93,14.98,20.57
maize,41.12,11.79,3.98,25.06
maize,20.91,27.64,5.85,39.9
maize,25.49,26.24,2.15,38.35
maize,56.55,38.28,21.9,23.64
maize,16.84,32.54,26.97,36.04
maize,37.5,28.5,0.52,37.04
maize,48.34,12.85,8.56,23.06
maize,18.0,34.21,23.77,32.28
maize,19.8,13.65,2.36,38.53
maize,38.04,13.73,15.73,25.1
maize,62.08,38.99,14.75,26.41
maize,33.1,43.0,14.14,35.61
maize,60.1,34.86,1.79,30.5
maize,48.35,21.93,90.94,9.6
maize,25.81,19.77,40.03,18.72
maize,68.47,44.15,1.01,36.72
maize,59.31,32.62,15.63,24.56
maize,68.95,41.91,8.67,29.92
maize,12.4,22.68,26.26,31.1
maize,13.31,24.94,9.5,43.31
maize,65.71,32.44,5.6,27.85
maize,68.35,22.6,9.75,23.03
maize,31.32,33.89,16.28,31.14
maize,28.94,14.38,15.99,28.87
maize,12.39,30.92,30.57,32.62
maize,37.56,12.69,16.66,24.72
maize,59.28,18.56,8.2,22.59
maize,21.55,13.57,36.31,18.28
maize,59.23,36.6,0.75,32.75
maize,30.54,29.13,1.44,40.26
maize,55.4,30.39,3.1,28.67
maize,13.42,30.57,27.52,33.0
maize,11.05,11.72,12.76,36.34
maize,30.98,30.87,4.81,38.79
maize,11.6,35.73,14.74,45.34
maize,50.51,17.21,6.52,23.52
maize,17.57,14.54,16.91,30.42
maize,16.34,38.45,12.97,43.54
maize,47.1,37.35,18.22,26.89
maize,27.17,32.42,5.66,39.89
maize,67.48,11.17,13.01,20.28
maize,20.55,18.24,10.23,33.0
maize,64.89,17.41,2.34,24.84
maize,64.71,15.13,15.57,20.65
maize,23.97,15.49,17.25,31.29
maize,28.57,25.68,7.8,35.63
maize,69.05,20.23,5.24,25.57
maize,25.14,42.04,4.63,41.55
maize,63.75,13.62,16.03,17.91
maize,66.74,33.69,5.38,30.32
maize,21.3,20.63,1.46,41.27
maize,18.48,14.56,15.47,31.92
maize,21.83,13.42,2.74,39.33
maize,42.24,33.7,17.22,25.27
maize,47.72,19.31,0.6,28.71
maize,44.17,39.13,71.74,9.6
maize,19.82,34.21,16.83,36.02
maize,57.91,13.75,22.76,15.81
maize,64.61,23.4,14.94,18.11
maize,28.62,36.67,41.27,19.55
maize,66.45,16.12,31.16,9.6
maize,14.04,19.38,36.49,25.77
maize,47.99,35.24,4.46,33.74
maize,18.77,38.81,4.02,44.23
maize,49.14,24.18,13.6,21.7
maize,59.18,44.98,3.56,35.66
maize,25.91,33.2,50.48,17.69
maize,57.71,14.75,56.87,9.6
maize,67.86,15.73,5.34,22.9
maize,58.96,23.24,1.39,26.65
maize,30.53,44.35,14.9,36.07
maize,69.17,38.73,4.96,31.37
maize,14.2,11.98,1.92,42.23
maize,39.8,39.5,8.86,34.97
maize,52.52,35.62,2.87,33.66
maize,14.24,22.65,11.48,36.14
maize,69.77,26.61,25.4,18.81
maize,45.72,41.03,7.94,32.69
maize,46.26,32.05,8.1,28.15
maize,54.16,21.2,10.58,20.99
maize,19.75,43.59,28.62,35.14
maize,55.74,15.04,0.13,27.49
maize,11.2,30.53,9.12,43.56
maize,35.36,35.13,8.77,35.07
maize,53.93,18.16,25.16,11.45
maize,24.2,31.98,26.57,30.54
maize,34.94,19.04,30.26,17.17
maize,39.27,17.15,14.78,26.36
maize,31.52,44.85,9.81,44.3
maize,65.01,38.03,9.0,28.62
maize,53.12,30.52,10.17,25.68
maize,24.75,42.02,6.13,41.84
maize,67.14,28.66,14.98,21.16
maize,32.55,13.47,14.63,26.72
maize,36.81,37.23,3.74,37.27
maize,65.6,34.86,8.14,26.94
maize,41.04,12.95,62.58,9.6
maize,45.15,13.83,50.65,9.6
maize,20.49,32.68,4.22,44.44
maize,50.41,31.51,33.45,15.78
maize,14.72,21.58,4.28,42.52
maize,22.72,18.36,4.95,37.64
maize,34.67,18.2,0.3,30.92
maize,10.43,33.81,26.18,35.17
maize,18.8,15.59,23.42,27.61
maize,47.35,20.81,6.9,25.05
maize,56.18,38.38,7.67,30.13
maize,56.31,26.94,34.17,13.37
maize,64.47,13.06,41.35,9.6
maize,22.05,38.18,28.47,33.23
maize,27.35,43.33,0.77,46.13
maize,44.55,32.58,0.26,32.39
maize,67.62,11.56,2.32,24.9
maize,65.94,33.31,25.95,18.74
maize,10.8,28.97,9.23,42.23
maize,51.07,27.61,21.73,18.98
maize,39.12,15.23,15.67,23.26
maize,46.79,15.5,49.19,9.6
maize,41.1,12.55,14.79,23.76
maize,59.07,44.26,10.45,30.34
maize,37.3,36.37,2.13,41.0
maize,15.37,24.63,28.79,32.88
maize,61.37,13.47,1.43,26.16
maize,17.73,35.2,1.6,46.04
maize,47.39,22.46,23.33,18.29
maize,24.14,34.98,31.03,27.01
maize,17.61,40.33,13.51,42.46
maize,19.65,34.51,21.34,34.05
maize,16.35,27.71,25.28,32.42
maize,67.02,28.75,7.52,27.65
maize,60.89,27.25,9.58,26.73
maize,59.92,24.12,6.08,25.36
maize,39.52,30.05,4.08,33.39
maize,30.04,13.74,4.09,35.12
maize,66.96,20.68,2.77,22.85
maize,12.11,21.31,11.78,37.9
maize,43.1,22.48,8.89,26.3
maize,25.49,18.52,9.18,33.21
maize,55.57,17.21,18.53,16.65
maize,56.55,21.86,12.44,20.82
maize,22.3,35.97,0.81,44.72
maize,62.46,22.34,19.24,18.74
maize,29.15,41.71,2.03,43.8
maize,14.92,16.86,43.17,18.21
maize,68.59,23.17,38.52,9.6
maize,52.14,33.06,67.82,9.6
maize,25.9,33.52,0.8,42.73
maize,28.0,15.29,5.03,35.62
maize,32.56,36.47,11.64,35.12
maize,65.99,32.31,24.28,18.26
maize,37.98,22.66,1.72,32.85
maize,20.09,27.93,10.02,39.01
maize,47.51,43.12,13.0,29.71
maize,13.77,16.56,0.5,42.14
maize,54.6,35.32,2.19,31.42
maize,28.07,18.71,6.99,33.06
maize,25.28,27.11,7.85,36.04
maize,60.19,27.92,11.23,24.58
maize,43.7,15.98,3.3,28.49
maize,22.61,14.07,52.66,9.6
maize,11.32,38.09,23.27,38.69
maize,18.74,34.41,15.44,38.29
maize,56.96,42.81,17.66,26.39
maize,60.53,17.33,1.13,24.5
maize,52.2,24.09,37.89,9.6
maize,66.87,19.05,6.17,23.72
maize,34.14,11.79,10.29,27.61
maize,31.04,37.05,24.38,28.51
maize,19.2,22.83,7.01,38.86
maize,52.43,16.66,6.85,21.91
maize,16.35,31.99,1.94,47.77
maize,64.68,29.39,2.88,26.33
maize,32.72,39.51,15.5,35.96
maize,63.64,42.19,1.49,35.48
maize,42.65,35.92,21.22,24.16
maize,57.85,35.2,1.35,32.75
maize,37.83,16.09,6.18,28.31
maize,42.99,31.69,16.34,26.09
maize,60.18,17.54,1.93,24.76
maize,68.49,39.49,10.42,29.67
maize,68.89,13.41,5.42,21.2
maize,65.7,12.3,11.96,21.95
maize,45.45,32.85,4.43,33.31
maize,21.7,38.94,12.41,40.3
maize,55.73,34.98,3.49,32.63
maize,35.93,43.83,9.03,38.45
maize,18.57,23.63,45.46,20.87
maize,62.88,22.26,1.3,26.46
maize,53.47,20.9,22.91,14.61
maize,56.67,23.38,8.78,19.52
maize,32.57,22.86,11.2,29.42
maize,41.46,33.48,4.71,35.39
maize,26.65,42.67,19.29,39.52
maize,11.76,31.63,10.69,44.78
maize,42.74,22.58,1.27,29.14
maize,13.16,11.31,18.94,29.5
maize,42.29,27.8,4.18,30.24
maize,21.4,26.12,5.06,40.37
maize,24.85,32.58,15.79,34.79
maize,14.39,19.58,58.68,15.16
maize,45.78,34.84,0.11,33.75
maize,44.15,42.23,51.83,12.44
maize,42.43,26.04,43.51,10.15
maize,37.94,18.41,9.52,27.11
maize,37.33,30.38,6.62,33.36
maize,59.81,33.24,6.2,27.11
maize,66.13,41.93,3.52,34.16
maize,41.8,10.97,4.25,28.92
maize,37.58,32.0,12.22,29.77
maize,43.9,13.08,8.01,26.19
maize,55.01,34.27,70.07,9.6
maize,29.77,25.42,29.17,20.78
maize,51.05,40.89,3.41,32.96
maize,28.88,27.92,42.37,19.4
maize,12.87,22.33,29.13,27.97
maize,35.49,23.49,37.05,15.54
maize,55.72,27.68,66.81,9.6
maize,25.74,25.26,2.56,38.46
maize,66.85,36.84,4.69,33.58
maize,66.48,40.86,10.86,30.69
maize,56.48,29.68,12.07,22.04
maize,11.26,35.3,0.5,48.0
maize,45.72,28.87,52.02,9.6
maize,43.1,39.44,86.4,9.6
maize,35.82,21.21,35.57,16.56
maize,34.34,11.44,6.4,28.03
maize,25.91,34.01,44.58,22.16
maize,13.32,28.83,1.1,45.39
maize,66.04,36.82,16.09,26.21
maize,68.14,34.99,38.79,14.99
maize,41.03,14.1,11.27,24.77
maize,38.95,31.79,0.15,34.92
maize,21.69,27.2,45.09,18.02
maize,52.88,31.13,5.33,25.74
maize,34.65,17.62,50.73,9.6
maize,11.55,17.76,22.74,30.52
maize,22.07,12.8,9.65,34.63
maize,64.91,39.91,17.24,27.14
maize,13.14,37.4,28.01,36.4
maize,23.97,39.59,19.48,38.75
maize,68.85,15.45,3.84,25.03
maize,21.21,12.33,98.16,9.6
maize,11.49,39.23,6.82,48.0
maize,64.1,42.42,0.14,37.5
maize,14.52,18.76,16.6,33.82
maize,46.42,16.6,24.52,16.84
maize,68.04,19.4,10.24,21.62
maize,40.17,15.06,8.75,24.79
maize,30.05,28.26,13.22,31.15
maize,13.18,36.42,46.57,28.76
maize,24.41,21.32,3.05,35.6
maize,31.37,34.4,12.32,35.17
maize,33.19,24.71,12.39,30.75
maize,26.24,22.97,12.62,32.71
maize,62.9,42.97,20.18,26.28
maize,34.62,26.47,0.76,35.0
maize,21.46,37.67,9.08,40.84
maize,61.26,36.21,4.77,28.62
maize,17.05,18.82,38.03,23.64
maize,45.78,22.81,24.68,21.14
maize,41.4,14.09,2.07,29.92
maize,28.5,40.43,21.66,33.91
maize,24.87,11.27,1.61,35.24
maize,32.28,27.56,19.39,29.07
maize,16.79,24.22,9.96,40.44
maize,20.3,38.27,17.71,38.87
maize,43.35,34.48,7.97,32.2
maize,41.48,32.38,6.19,31.19
maize,64.41,30.56,1.34,32.73
maize,57.65,27.31,33.77,12.37
maize,26.06,24.37,34.33,22.62
maize,61.54,13.11,30.04,11.97
maize,29.24,16.24,4.1,31.0
maize,29.23,14.72,5.27,31.96
maize,44.34,25.46,6.39,29.03
maize,55.41,21.62,20.46,17.65
maize,19.12,14.56,6.36,35.81
maize,13.8,14.61,29.36,28.71
maize,48.03,18.86,12.16,24.33
maize,23.99,40.25,5.55,44.39
maize,51.65,10.56,6.99,23.42
maize,14.36,37.65,3.68,44.94
maize,50.62,38.11,12.38,29.09
maize,31.33,38.31,5.24,41.74
maize,44.27,36.09,7.15,31.66
maize,59.08,42.55,11.81,27.11
maize,49.69,41.61,1.56,35.95
maize,59.42,40.0,8.04,29.31
maize,15.36,25.32,3.93,44.01
maize,14.53,38.97,8.37,45.04
maize,45.76,13.14,6.17,24.55
maize,23.42,42.67,6.34,46.72
maize,19.66,29.71,43.18,23.01
maize,61.71,26.7,78.22,9.6
maize,50.75,12.59,74.07,9.6
maize,43.47,20.65,1.36,28.27
maize,10.09,25.74,27.2,31.95
maize,19.58,15.74,5.04,35.7
maize,57.57,41.7,55.39,9.6
maize,29.7,13.95,30.61,19.38
maize,48.17,15.77,8.43,24.11
maize,37.2,44.62,0.84,40.64
maize,31.3,26.87,10.49,34.42
maize,62.48,42.86,24.53,22.31
maize,61.03,29.27,26.22,16.15
maize,29.01,26.36,5.04,33.86
maize,67.7,20.95,1.55,25.37
maize,16.63,17.68,9.36,36.4
maize,36.0,37.99,20.18,27.45
maize,28.99,37.09,0.8,41.47
maize,10.77,37.84,9.73,46.19
maize,65.95,40.08,18.56,24.8
maize,38.93,28.21,55.48,9.6
maize,22.81,33.66,7.79,41.41
sugarcane,65.89,13.12,10.75,46.53
sugarcane,47.15,15.58,51.64,33.17
sugarcane,64.88,15.84,1.94,51.05
sugarcane,36.93,30.97,1.12,67.01
sugarcane,23.61,42.6,35.86,63.88
sugarcane,26.51,41.84,15.07,68.8
sugarcane,14.31,41.82,47.47,60.39
sugarcane,28.2,23.75,2.97,67.86
sugarcane,44.68,43.53,10.49,66.12
sugarcane,30.41,39.96,8.56,70.68
sugarcane,21.57,16.69,21.96,62.38
sugarcane,22.35,21.26,9.4,66.34
sugarcane,66.59,42.61,3.48,58.34
sugarcane,40.6,26.12,34.65,48.01
sugarcane,65.8,23.42,10.15,46.61
sugarcane,21.97,11.32,15.47,63.5
sugarcane,25.75,11.83,3.94,68.82
sugarcane,38.98,24.56,57.15,38.0
sugarcane,22.03,17.54,5.18,68.62
sugarcane,64.65,31.54,7.96,51.6
sugarcane,66.06,11.7,3.54,53.73
sugarcane,12.37,24.11,15.71,71.68
sugarcane,51.88,32.33,5.8,60.21
sugarcane,17.73,43.17,9.67,76.91
sugarcane,29.04,36.82,10.34,71.68
sugarcane,62.03,33.56,0.72,58.02
sugarcane,43.98,36.72,2.2,68.16
sugarcane,11.21,36.35,9.63,77.99
sugarcane,36.81,10.25,25.67,53.28
sugarcane,50.64,34.59,46.85,38.18
sugarcane,41.88,23.99,46.09,39.39
sugarcane,17.59,39.49,6.75,79.71
sugarcane,49.63,26.48,3.33,59.41
sugarcane,34.8,29.13,8.59,65.66
sugarcane,54.92,38.98,22.13,54.67
sugarcane,60.1,39.49,5.42,59.88
sugarcane,35.77,26.47,2.57,65.78
sugarcane,15.0,42.5,13.0,76.32
sugarcane,50.02,41.91,6.36,64.19
sugarcane,21.21,39.09,21.84,69.09
sugarcane,31.04,23.19,11.44,62.34
sugarcane,58.35,19.79,3.19,52.72
sugarcane,40.26,40.3,4.14,69.35
sugarcane,54.86,29.27,25.46,47.08
sugarcane,67.58,37.74,13.89,51.79
sugarcane,69.06,23.42,2.48,52.62
sugarcane,50.0,19.95,13.22,50.64
sugarcane,60.17,19.27,8.93,53.41
sugarcane,42.26,33.23,22.99,58.99
sugarcane,19.04,42.64,7.24,76.85
sugarcane,53.77,10.71,3.44,57.41
sugarcane,41.64,42.55,9.92,67.02
sugarcane,39.43,14.19,24.34,52.43
sugarcane,64.65,43.02,11.02,55.98
sugarcane,50.63,37.25,2.11,64.17
sugarcane,39.85,15.42,3.03,62.44
sugarcane,31.9,25.14,14.64,62.14
sugarcane,20.96,30.09,15.22,67.54
sugarcane,43.4,35.84,6.13,64.92
sugarcane,39.05,32.68,0.28,71.37
sugarcane,49.24,31.65,5.56,61.81
sugarcane,17.63,22.49,13.47,68.83
sugarcane,60.13,11.53,4.05,50.5
sugarcane,14.02,10.99,4.21,74.37
sugarcane,62.89,24.56,19.11,45.46
sugarcane,21.48,28.1,35.8,58.58
sugarcane,58.26,12.3,17.69,47.97
sugarcane,17.35,28.69,31.74,61.78
sugarcane,34.6,26.87,1.1,66.97
sugarcane,66.71,19.89,9.27,46.09
sugarcane,50.28,15.68,10.0,55.05
sugarcane,47.58,33.42,2.02,65.29
sugarcane,66.75,14.64,22.35,41.63
sugarcane,53.2,36.38,3.71,62.34
sugarcane,36.58,31.62,22.04,58.44
sugarcane,59.37,28.14,9.29,54.46
sugarcane,28.87,30.33,19.63,65.74
sugarcane,51.96,34.89,0.8,62.09
sugarcane,61.58,26.04,4.57,54.01
sugarcane,63.21,23.24,20.78,41.78
sugarcane,15.81,26.66,71.85,46.24
sugarcane,40.09,18.18,7.9,60.75
sugarcane,56.81,36.99,3.88,61.29
sugarcane,32.8,27.57,13.94,64.17
sugarcane,43.59,27.02,10.55,60.35
sugarcane,42.51,14.59,21.8,51.02
sugarcane,65.95,43.16,6.91,58.39
sugarcane,16.76,42.69,3.04,80.08
sugarcane,25.17,24.23,7.25,68.18
sugarcane,20.25,19.35,10.67,69.44
sugarcane,18.85,31.41,12.51,72.0
sugarcane,64.74,43.11,4.21,59.97
sugarcane,17.89,20.58,33.82,56.78
sugarcane,36.54,11.61,11.77,59.38
sugarcane,30.31,26.57,14.25,64.17
sugarcane,36.04,38.68,35.4,56.58
sugarcane,17.19,28.62,5.02,75.15
sugarcane,61.77,15.7,25.1,40.89
sugarcane,61.2,42.0,4.62,60.27
sugarcane,43.14,11.77,0.67,62.96
sugarcane,53.22,25.56,4.44,58.65
sugarcane,10.02,38.21,1.24,82.35
sugarcane,21.49,23.52,9.95,66.46
sugarcane,67.83,32.46,0.36,55.64
sugarcane,35.81,40.63,5.38,71.51
sugarcane,46.36,29.96,0.83,63.96
sugarcane,18.43,31.79,3.49,81.06
sugarcane,27.01,43.19,27.72,65.43
sugarcane,53.34,12.73,1.68,55.04
sugarcane,68.7,15.55,10.03,47.45
sugarcane,31.85,32.38,2.07,68.85
sugarcane,63.27,11.42,36.75,34.14
sugarcane,59.98,20.41,23.36,40.39
sugarcane,31.75,12.32,68.13,37.85
sugarcane,12.36,32.92,8.77,74.64
sugarcane,52.17,12.38,3.23,60.91
sugarcane,22.87,35.84,3.14,74.1
sugarcane,61.7,42.98,10.96,58.24
sugarcane,31.14,18.19,0.77,68.63
sugarcane,42.02,43.04,7.57,66.36
sugarcane,51.63,27.13,10.78,55.48
sugarcane,38.25,34.73,42.36,46.7
sugarcane,29.76,11.48,10.29,61.33
sugarcane,55.63,44.47,43.72,44.9
sugarcane,21.83,40.64,18.29,73.91
sugarcane,60.98,26.8,7.01,50.27
sugarcane,39.59,30.27,3.14,66.91
sugarcane,48.0,13.48,13.9,54.21
sugarcane,17.26,12.75,11.24,70.7
sugarcane,15.35,25.08,2.88,72.88
sugarcane,69.23,29.64,17.44,46.66
sugarcane,68.55,20.02,8.27,47.95
sugarcane,48.99,10.86,24.93,44.59
sugarcane,13.7,15.69,33.81,59.12
sugarcane,51.16,18.75,1.02,59.23
sugarcane,34.27,22.73,3.67,68.24
sugarcane,50.18,43.97,2.9,65.13
sugarcane,36.8,18.9,26.16,54.91
sugarcane,39.12,29.02,5.45,63.69
sugarcane,51.4,23.66,8.06,56.99
sugarcane,38.15,22.87,1.59,66.56
sugarcane,49.95,20.02,9.25,52.77
sugarcane,21.61,17.36,0.35,71.61
sugarcane,23.65,19.79,2.04,70.41
sugarcane,48.36,12.63,2.16,56.87
sugarcane,52.48,29.51,4.44,61.56
sugarcane,49.05,14.07,11.53,51.43
sugarcane,46.24,40.5,102.25,38.47
sugarcane,46.47,24.16,3.83,60.38
sugarcane,32.04,41.98,6.89,70.15
sugarcane,32.41,23.42,27.18,56.73
sugarcane,30.05,38.63,0.59,77.74
sugarcane,62.25,27.95,7.62,56.24
sugarcane,10.77,40.5,8.88,80.61
sugarcane,30.58,14.84,8.68,59.8
sugarcane,50.72,24.73,48.82,36.26
sugarcane,45.96,38.26,1.74,65.03
sugarcane,44.17,40.14,1.22,67.76
sugarcane,14.35,39.76,3.59,82.16
sugarcane,59.97,14.38,2.09,56.71
sugarcane,43.41,43.12,8.04,68.94
sugarcane,65.83,39.29,81.0,27.79
sugarcane,11.35,13.95,14.1,68.74
sugarcane,24.35,37.54,0.87,78.64
sugarcane,32.16,27.7,12.33,62.94
sugarcane,46.76,30.49,11.9,60.94
sugarcane,48.43,19.08,1.33,58.86
sugarcane,40.01,39.42,18.12,61.84
sugarcane,57.34,22.28,7.78,51.11
sugarcane,13.67,30.68,67.95,49.23
sugarcane,20.01,11.63,22.68,62.46
sugarcane,52.24,43.1,7.89,62.75
sugarcane,49.72,26.27,14.94,52.41
sugarcane,40.47,28.5,24.96,54.13
sugarcane,54.13,33.23,1.81,61.79
sugarcane,63.65,42.2,0.85,64.28
sugarcane,59.24,11.32,6.86,49.91
sugarcane,54.78,10.29,2.77,55.92
sugarcane,44.85,35.0,37.27,50.46
sugarcane,33.66,10.04,1.92,67.46
sugarcane,42.07,33.63,8.11,64.46
sugarcane,14.45,16.72,27.49,64.12
sugarcane,53.49,41.32,1.88,66.67
sugarcane,20.6,30.31,35.16,57.19
sugarcane,29.21,33.46,3.12,70.18
sugarcane,22.67,20.96,2.96,72.17
sugarcane,64.11,23.9,4.22,49.49
sugarcane,54.67,43.99,8.64,61.6
sugarcane,61.66,29.81,2.57,56.85
sugarcane,49.04,41.14,8.71,66.72
sugarcane,64.07,36.27,10.06,51.94
sugarcane,69.02,33.36,0.67,58.96
sugarcane,29.6,31.82,0.87,72.66
sugarcane,29.96,25.34,4.57,67.5
sugarcane,19.88,34.12,10.84,72.11
sugarcane,45.51,12.53,2.39,58.54
sugarcane,14.39,38.43,20.94,73.42
sugarcane,50.16,26.69,15.42,55.6
sugarcane,12.3,31.75,22.57,66.27
sugarcane,26.65,32.5,17.7,65.92
sugarcane,62.26,21.98,22.03,45.01
sugarcane,41.67,28.12,12.94,60.02
sugarcane,54.96,43.76,1.15,69.43
sugarcane,38.95,13.28,21.92,54.17
sugarcane,54.83,20.91,5.48,54.18
sugarcane,45.58,42.76,17.0,62.64
sugarcane,34.87,34.13,6.32,69.66
sugarcane,31.32,11.72,0.47,69.34
sugarcane,43.25,36.67,11.56,61.23
sugarcane,36.84,12.53,46.23,41.07
sugarcane,23.4,42.28,8.32,76.02
sugarcane,65.85,10.19,20.69,42.61
sugarcane,64.18,14.89,1.52,53.16
sugarcane,42.54,28.46,2.28,64.67
sugarcane,10.05,38.35,1.37,84.94
sugarcane,22.52,33.28,1.23,76.66
sugarcane,46.23,15.74,19.97,50.44
sugarcane,45.97,15.99,20.3,48.11
sugarcane,28.16,33.18,2.58,71.92
sugarcane,35.52,18.65,20.7,55.99
sugarcane,25.72,40.86,33.36,62.53
sugarcane,15.26,23.7,18.74,65.14
sugarcane,49.57,31.86,4.98,60.47
sugarcane,53.14,27.64,18.5,51.26
sugarcane,24.94,21.36,6.1,68.06
sugarcane,41.09,25.94,0.47,65.43
sugarcane,62.75,10.46,43.44,28.58
sugarcane,65.45,10.85,13.06,45.75
sugarcane,42.94,17.68,8.4,60.16
sugarcane,10.04,42.79,2.7,86.3
sugarcane,24.01,19.22,0.58,69.58
sugarcane,16.42,35.18,28.92,65.46
sugarcane,25.42,10.73,3.79,66.2
sugarcane,40.96,18.87,42.34,41.59
sugarcane,64.36,29.84,6.56,51.47
sugarcane,53.65,25.81,29.15,42.7
sugarcane,66.65,21.76,12.34,45.02
sugarcane,62.59,15.54,9.12,48.43
sugarcane,46.34,34.22,7.24,63.25
sugarcane,36.37,12.35,9.37,62.28
sugarcane,59.24,31.51,26.77,44.75
sugarcane,10.82,20.61,17.96,68.12
sugarcane,57.42,20.35,10.27,48.23
sugarcane,23.88,14.77,3.29,66.99
sugarcane,13.32,16.93,0.14,73.47
sugarcane,68.39,16.78,6.37,50.85
sugarcane,31.47,10.3,27.41,54.01
sugarcane,42.62,32.88,7.34,65.52
sugarcane,48.83,11.57,0.83,62.6
sugarcane,63.27,13.66,25.94,37.51
sugarcane,22.6,23.79,5.71,68.61
sugarcane,40.21,38.06,8.74,66.04
sugarcane,39.44,39.71,18.37,60.15
sugarcane,63.1,30.2,3.75,55.46
sugarcane,26.15,38.11,0.68,76.2
sugarcane,39.53,40.82,7.99,70.22
sugarcane,42.25,11.73,0.04,63.91
sugarcane,17.28,13.98,7.94,68.33
sugarcane,48.87,34.92,2.95,65.24
sugarcane,61.81,37.04,2.77,58.69
sugarcane,59.31,36.92,13.62,53.18
sugarcane,17.31,27.84,13.2,69.23
sugarcane,31.56,26.64,6.78,67.95
sugarcane,19.84,23.35,2.28,73.43
sugarcane,47.5,35.51,40.3,46.66
sugarcane,13.43,41.28,11.32,77.6
sugarcane,50.16,39.11,2.44,64.44
sugarcane,38.11,30.94,0.47,68.16
sugarcane,26.49,11.15,8.18,64.18
sugarcane,64.35,28.07,2.5,55.4
sugarcane,65.3,36.51,19.74,47.86
sugarcane,22.66,34.09,3.72,76.29
sugarcane,36.32,37.37,22.98,63.01
sugarcane,60.32,32.92,3.89,57.49
sugarcane,26.44,21.02,1.86,68.02
sugarcane,37.32,41.8,1.66,71.83
sugarcane,53.22,34.05,1.51,62.86
sugarcane,31.82,36.48,4.46,72.96
sugarcane,51.61,11.39,27.43,47.92
sugarcane,23.27,33.7,22.19,64.48
sugarcane,38.39,31.62,9.14,64.54
sugarcane,60.51,38.05,7.93,59.24
sugarcane,23.81,24.21,26.25,59.81
sugarcane,58.37,22.37,15.42,46.4
sugarcane,24.74,13.82,23.73,58.33
sugarcane,61.31,22.13,54.2,27.17
sugarcane,68.78,19.39,0.63,51.54
sugarcane,16.05,34.76,0.48,82.91
sugarcane,62.21,14.85,2.04,54.19
sugarcane,33.86,21.77,4.01,66.15
sugarcane,38.84,29.31,14.99,60.49
sugarcane,30.0,25.72,12.68,63.68
sugarcane,36.14,24.52,19.79,58.76
sugarcane,25.0,31.33,13.2,69.19
sugarcane,32.18,27.01,5.65,66.7
sugarcane,16.33,33.91,16.21,71.17
sugarcane,67.04,35.54,0.8,61.46
sugarcane,68.56,28.63,35.36,36.19
sugarcane,14.98,16.69,8.72,72.53
sugarcane,69.3,23.61,0.73,54.08
sugarcane,58.07,31.15,3.32,60.97
sugarcane,56.22,27.49,5.46,56.66
sugarcane,68.42,33.22,7.87,55.31
sugarcane,24.53,16.01,11.32,63.66
sugarcane,27.4,32.01,1.88,71.35
sugarcane,10.01,14.44,40.68,58.29
sugarcane,62.04,18.18,22.6,43.07
sugarcane,32.42,33.85,0.98,72.34
sugarcane,33.77,43.73,11.61,69.26
sugarcane,52.21,32.57,7.02,59.22
sugarcane,67.06,10.78,5.43,49.44
sugarcane,25.14,28.7,26.04,61.72
sugarcane,16.19,43.01,23.78,72.64
sugarcane,33.1,24.08,22.94,55.73
sugarcane,67.77,14.43,8.19,44.92
sugarcane,31.79,11.83,17.35,58.23
sugarcane,36.17,16.82,25.4,52.68
sugarcane,27.91,32.33,5.1,73.7
sugarcane,24.16,35.57,0.62,76.14
sugarcane,66.17,28.21,6.81,51.49
sugarcane,62.4,23.82,6.12,51.36
sugarcane,29.0,33.71,5.13,69.75
sugarcane,44.63,12.31,3.18,61.06
sugarcane,32.64,33.24,4.42,69.94
sugarcane,17.62,12.05,5.47,70.6
sugarcane,55.65,10.55,12.24,50.07
sugarcane,32.77,27.73,12.41,62.19
sugarcane,54.0,40.49,3.21,62.49
sugarcane,15.86,41.42,6.46,76.86
sugarcane,17.55,30.63,11.17,73.65
sugarcane,22.18,25.82,23.91,60.86
sugarcane,42.88,34.6,23.6,56.78
sugarcane,47.75,15.34,18.58,48.36
sugarcane,50.16,17.56,13.41,51.09
sugarcane,64.79,37.92,38.16,38.78
sugarcane,61.59,18.81,59.47,26.98
sugarcane,46.82,37.77,1.34,67.97
sugarcane,11.32,38.59,0.21,82.94
sugarcane,49.43,22.78,14.18,51.97
sugarcane,16.48,12.44,13.34,69.61
sugarcane,41.24,35.98,10.69,61.45
sugarcane,11.59,21.74,55.96,47.13
sugarcane,62.41,21.53,13.29,47.33
sugarcane,11.08,12.61,10.71,73.16
sugarcane,68.17,34.26,1.1,58.52
sugarcane,60.49,31.62,15.51,50.43
sugarcane,11.7,39.0,23.29,73.76
sugarcane,22.89,11.41,3.37,68.24
sugarcane,20.72,21.82,8.13,64.21
sugarcane,26.24,11.02,13.94,64.77
sugarcane,33.74,20.45,30.25,52.54
sugarcane,39.7,14.58,17.87,55.59
sugarcane,22.36,25.44,1.01,73.15
sugarcane,64.19,40.25,9.37,56.46
sugarcane,54.66,31.68,24.37,51.76
sugarcane,37.75,42.93,9.99,68.43
sugarcane,37.76,37.48,25.85,56.88
sugarcane,38.07,43.88,20.97,64.02
sugarcane,58.67,11.15,9.46,52.18
sugarcane,12.96,39.84,11.92,78.59
sugarcane,21.84,21.1,4.97,68.9
sugarcane,19.51,38.44,2.13,79.35
sugarcane,24.0,25.87,10.92,67.37
sugarcane,57.39,31.64,1.8,62.0
sugarcane,19.38,25.3,7.58,72.13
sugarcane,33.29,15.98,3.86,67.17
sugarcane,44.53,24.82,10.85,58.95
sugarcane,61.15,19.03,10.14,47.67
sugarcane,68.53,21.66,13.56,46.69
sugarcane,15.38,43.57,18.86,73.64
sugarcane,57.29,34.64,13.36,56.83
sugarcane,67.41,27.47,40.22,35.14
sugarcane,45.0,28.84,9.09,60.58
sugarcane,32.8,25.7,59.17,37.25
sugarcane,31.02,25.83,2.15,71.32
sugarcane,18.99,30.01,4.39,75.63
sugarcane,23.68,10.4,2.09,68.99
sugarcane,69.15,20.8,2.09,51.25
sugarcane,21.94,30.57,0.99,75.13
sugarcane,11.33,32.42,8.01,75.22
sugarcane,26.2,17.24,15.92,60.13
sugarcane,51.35,29.78,29.35,47.39
sugarcane,17.05,37.5,16.79,73.2
sugarcane,36.49,43.07,2.29,72.39
sugarcane,48.57,23.37,47.13,38.02
sugarcane,64.09,19.46,24.41,40.58
sugarcane,69.74,18.84,8.61,45.38
sugarcane,10.92,17.7,4.97,74.63
sugarcane,36.62,15.99,30.98,49.03
sugarcane,49.01,32.88,46.93,41.75
sugarcane,10.18,18.68,39.42,57.69
sugarcane,55.95,13.2,10.82,51.63
sugarcane,23.89,16.34,24.93,58.39
sugarcane,66.31,16.5,57.25,22.21
sugarcane,69.66,29.45,2.8,53.79
sugarcane,28.56,19.82,53.76,39.35
sugarcane,19.2,35.67,0.01,80.53
sugarcane,27.28,16.49,15.82,61.83
sugarcane,52.76,34.08,5.77,60.64
sugarcane,60.77,25.83,8.28,53.79
potato,19.41,24.92,11.56,37.04
potato,56.88,33.8,15.12,22.27
potato,64.57,10.63,12.21,16.71
potato,29.43,14.77,32.78,20.11
potato,38.25,40.73,13.22,35.67
potato,49.55,23.93,10.81,24.41
potato,58.18,23.08,7.37,22.83
potato,34.79,24.2,17.07,26.08
potato,14.03,30.78,22.18,35.99
potato,63.85,32.97,32.04,14.64
potato,39.12,28.97,37.71,16.6
potato,26.46,23.76,7.36,36.95
potato,27.21,19.4,29.61,22.67
potato,20.37,22.06,0.95,40.09
potato,26.2,36.89,32.44,28.1
potato,38.22,40.58,21.58,27.63
potato,40.78,33.48,28.19,22.59
potato,64.43,35.91,11.74,25.38
potato,41.78,22.17,11.03,24.78
potato,52.85,40.14,2.52,35.38
potato,37.09,24.28,17.45,27.04
potato,62.65,24.63,36.29,8.0
potato,69.59,13.71,3.98,20.53
potato,60.91,10.71,13.91,13.54
potato,26.62,40.18,5.0,42.0
potato,23.29,11.22,7.9,34.62
potato,27.35,38.31,24.17,35.96
potato,46.26,38.95,8.3,30.9
potato,26.53,19.28,11.52,28.55
potato,15.47,35.15,3.61,42.0
potato,21.82,24.45,3.88,36.94
potato,36.93,28.8,3.41,36.62
potato,19.35,40.81,8.53,42.0
potato,39.88,29.4,12.28,29.19
potato,52.42,16.21,4.36,22.35
potato,22.85,12.1,5.91,32.32
potato,18.62,34.85,11.44,40.76
potato,46.37,21.79,13.21,23.59
potato,28.94,13.04,3.78,31.89
potato,49.5,19.23,0.18,25.03
potato,41.14,31.2,49.4,9.73
potato,44.4,42.48,26.44,29.13
potato,29.38,18.3,4.57,36.01
potato,40.19,12.37,19.29,19.57
potato,58.36,20.13,16.37,18.19
potato,60.71,28.39,17.64,19.17
potato,63.0,27.35,5.64,23.84
potato,33.31,40.3,19.33,34.18
potato,34.23,17.52,6.6,28.7
potato,54.6,18.82,9.08,19.24
potato,33.15,44.37,7.44,42.0
potato,35.13,25.11,0.83,37.79
potato,40.99,27.67,2.43,33.4
potato,21.79,18.8,2.86,36.68
potato,67.47,39.91,3.93,29.28
potato,39.51,10.69,16.69,20.16
potato,41.39,41.45,2.69,39.12
potato,17.63,23.95,2.8,42.0
potato,25.28,19.21,12.19,32.75
potato,17.58,44.08,3.93,42.0
potato,56.37,21.86,2.32,23.84
potato,49.53,29.83,9.57,27.71
potato,39.75,35.63,1.38,38.4
potato,13.47,14.92,18.92,32.56
potato,36.24,24.12,2.21,32.27
potato,38.6,36.73,4.48,36.76
potato,38.85,44.72,17.41,32.92
potato,56.07,11.42,1.97,23.24
potato,22.18,24.07,28.04,29.21
potato,52.56,30.52,6.63,24.96
potato,44.62,21.98,1.31,31.22
potato,29.74,23.7,4.56,33.47
potato,30.58,24.37,19.12,29.12
potato,12.51,27.61,13.16,40.51
potato,65.21,11.72,12.78,15.46
potato,62.58,10.67,19.78,13.49
potato,65.99,33.0,8.67,25.05
potato,51.39,26.86,1.99,28.23
potato,22.86,12.26,12.81,30.73
potato,59.03,40.14,14.34,29.34
potato,10.77,34.33,8.12,42.0
potato,31.01,42.1,2.16,42.0
potato,50.29,10.15,38.78,8.0
potato,22.86,30.48,8.78,36.94
potato,12.05,21.19,24.95,33.9
potato,51.89,20.88,1.57,27.28
potato,26.35,39.11,59.04,15.5
potato,18.4,21.27,12.96,35.39
potato,14.51,43.02,6.81,42.0
potato,55.33,31.24,14.78,22.12
potato,48.28,32.01,12.1,27.33
potato,22.94,12.93,9.89,32.47
potato,40.84,39.02,8.8,35.95
potato,12.29,31.53,26.41,39.38
potato,19.45,30.8,13.51,38.38
potato,23.65,16.0,16.52,29.53
potato,46.57,32.52,1.38,32.65
potato,28.8,26.18,7.42,36.75
potato,61.81,42.52,5.42,31.73
potato,65.85,18.6,12.9,18.57
potato,26.47,38.84,0.08,42.0
potato,29.36,32.57,28.61,28.32
potato,46.55,39.86,4.61,30.16
potato,10.7,29.49,16.25,42.0
potato,45.51,35.77,12.71,26.79
potato,14.78,25.04,12.12,39.95
potato,29.72,35.22,15.48,36.38
potato,48.92,32.31,12.09,25.36
potato,10.68,34.38,7.08,42.0
potato,22.22,21.91,9.71,36.36
potato,27.76,28.02,2.71,41.66
potato,36.16,32.05,6.25,35.37
potato,28.07,30.24,10.34,33.45
potato,32.02,12.94,0.81,33.37
potato,25.21,12.6,1.64,33.2
potato,62.29,26.97,5.47,26.27
potato,41.06,23.37,12.46,23.49
potato,52.61,22.74,26.87,12.26
potato,37.26,35.18,1.71,38.82
potato,22.7,15.09,5.7,35.66
potato,68.56,18.99,9.14,19.8
potato,44.28,43.36,10.91,33.04
potato,59.15,29.15,0.62,29.33
potato,67.04,40.07,3.89,28.32
potato,23.21,17.04,38.36,19.46
potato,33.56,27.65,9.36,33.72
potato,25.2,27.68,0.46,40.44
potato,41.03,22.95,20.25,24.54
potato,57.05,36.71,19.24,21.06
potato,38.19,21.58,21.09,20.9
potato,29.76,14.84,7.64,28.59
potato,14.26,27.08,18.17,39.96
potato,40.79,40.52,5.11,38.72
potato,57.52,21.35,18.89,13.16
potato,18.13,20.2,2.34,39.55
potato,53.04,43.02,11.25,30.31
potato,42.4,26.14,5.92,33.71
potato,69.16,42.82,29.72,18.3
potato,63.35,26.37,16.07,19.06
potato,67.71,24.55,13.79,21.12
potato,52.59,43.27,4.21,33.4
potato,26.11,37.18,12.05,41.26
potato,49.66,21.3,9.85,20.84
potato,21.9,43.66,10.75,42.0
potato,54.04,24.39,6.58,21.36
potato,42.65,29.02,10.31,26.42
potato,18.09,27.36,2.78,42.0
potato,34.11,41.81,15.24,37.03
potato,56.15,22.9,48.29,8.0
potato,20.33,19.48,5.05,38.2
potato,26.25,39.94,0.49,42.0
potato,21.99,18.12,23.99,26.48
potato,43.79,10.2,8.41,21.94
potato,50.57,34.57,19.14,22.82
potato,53.71,10.0,46.16,8.0
potato,15.6,35.86,48.25,25.45
potato,50.71,29.97,43.68,12.14
potato,38.58,42.65,1.19,38.94
potato,40.07,34.04,23.55,26.71
potato,66.52,12.25,7.72,18.89
potato,11.41,21.53,11.55,40.66
potato,25.98,41.48,39.33,30.52
potato,34.16,41.16,7.27,38.85
potato,17.35,42.48,9.08,42.0
potato,54.07,22.85,0.29,26.3
potato,51.4,21.72,17.84,16.87
potato,51.92,34.64,10.17,27.02
potato,37.02,16.98,5.52,30.32
potato,12.54,32.17,4.29,42.0
potato,29.63,18.48,2.78,33.2
potato,56.49,14.54,9.07,21.15
potato,48.0,38.38,0.69,35.17
potato,27.79,19.8,2.37,34.37
potato,41.31,33.23,7.2,31.08
potato,53.17,21.77,5.14,23.23
potato,14.79,24.63,42.95,23.43
potato,53.29,13.08,28.09,10.28
potato,59.22,24.14,3.76,26.89
potato,40.72,29.21,11.59,30.14
potato,64.13,40.65,24.25,21.17
potato,66.61,13.45,4.62,22.01
potato,40.31,36.18,2.24,36.83
potato,25.14,35.61,2.7,41.29
potato,30.99,34.79,6.88,36.95
potato,43.32,13.5,24.52,17.67
potato,53.52,17.34,32.4,8.0
potato,46.97,25.01,3.02,28.08
potato,58.58,34.35,21.77,18.09
potato,36.47,35.08,7.33,36.45
potato,68.56,20.87,9.27,18.78
potato,50.44,28.95,27.81,17.19
potato,61.38,13.93,6.41,20.65
potato,62.59,17.06,1.22,23.91
potato,19.76,39.9,17.41,40.7
potato,41.2,39.06,8.15,33.73
potato,40.31,28.6,24.57,21.34
potato,57.48,30.35,22.77,18.88
potato,34.57,40.67,5.31,38.12
potato,10.71,20.52,12.94,39.51
potato,62.6,41.94,4.64,27.99
potato,37.73,29.22,44.67,12.87
potato,10.49,10.32,9.26,40.05
potato,39.3,10.79,17.42,21.63
potato,28.06,15.85,7.84,28.79
potato,23.94,28.72,3.33,38.86
potato,50.26,36.39,1.75,32.76
potato,38.07,12.48,13.68,23.58
potato,41.05,42.35,11.95,31.57
potato,44.98,24.06,44.66,8.0
potato,60.65,25.13,26.46,15.14
potato,59.37,16.61,18.12,12.95
potato,27.78,35.39,3.92,39.76
potato,10.05,35.03,2.82,42.0
potato,32.79,26.66,0.68,36.64
potato,68.23,35.06,5.86,27.19
potato,47.57,15.12,3.14,21.87
potato,61.57,18.97,7.18,21.45
potato,30.5,33.93,0.3,42.0
potato,54.14,27.05,25.16,15.56
potato,31.61,26.28,17.56,30.5
potato,63.04,17.24,37.55,8.0
potato,16.36,13.93,5.16,38.24
potato,46.85,38.15,34.43,18.65
potato,12.6,22.2,2.96,39.96
potato,48.82,26.25,10.26,25.89
potato,22.88,28.08,19.98,32.46
potato,43.41,42.52,7.12,34.25
potato,46.54,20.09,2.62,27.32
potato,42.67,28.63,1.18,34.69
potato,21.34,26.43,19.11,35.28
potato,41.77,23.84,5.84,30.39
potato,50.3,12.62,9.26,20.21
potato,63.45,13.31,67.48,8.0
potato,60.68,24.64,8.72,23.28
potato,48.05,37.11,0.52,32.74
potato,30.76,22.18,9.5,32.49
potato,30.05,13.76,2.36,32.5
potato,67.27,14.05,43.86,8.0
potato,54.0,32.31,15.55,25.39
potato,45.21,39.15,1.13,36.47
potato,51.44,28.69,7.15,28.13
potato,63.46,27.37,26.12,12.5
potato,34.13,13.58,0.95,31.21
potato,30.23,35.13,20.37,31.12
potato,13.05,17.74,4.81,38.75
potato,18.04,43.03,24.46,38.75
potato,20.84,24.23,6.59,38.75
potato,17.67,35.86,7.58,42.0
potato,25.78,23.14,10.33,32.32
potato,33.91,10.67,22.21,19.78
potato,20.26,11.54,15.91,31.15
potato,39.61,17.19,20.05,21.52
potato,51.98,18.62,35.06,8.81
potato,66.32,35.28,3.17,30.64
potato,36.53,12.5,7.41,26.1
potato,29.82,30.84,30.86,27.29
potato,12.85,23.49,2.58,42.0
potato,49.89,20.02,3.33,26.02
potato,66.18,10.65,8.64,18.16
potato,40.06,21.26,2.13,30.44
potato,32.58,33.53,22.88,32.62
potato,22.04,20.06,2.65,39.68
potato,24.96,17.87,10.99,33.04
potato,21.73,32.46,25.5,32.24
potato,43.61,18.93,4.57,28.38
potato,56.96,25.94,17.96,16.84
potato,33.28,15.6,7.62,30.01
potato,14.13,27.76,5.98,42.0
potato,40.5,10.84,5.63,26.54
potato,37.03,19.99,5.31,32.27
potato,32.99,39.24,51.27,13.79
potato,60.79,24.94,12.05,19.08
potato,23.86,36.02,11.39,40.49
potato,22.9,35.05,24.15,34.23
potato,30.77,16.04,0.04,31.13
potato,43.29,16.58,29.46,13.05
potato,25.47,17.93,9.83,30.2
potato,26.31,15.94,19.01,26.67
potato,56.21,26.18,18.78,17.02
potato,67.97,38.74,3.43,31.31
potato,21.17,14.4,2.23,36.46
potato,56.98,36.12,13.92,26.87
potato,51.18,10.64,5.6,19.72
potato,51.28,37.74,5.5,32.25
potato,12.16,42.65,6.35,42.0
potato,56.11,17.76,4.71,20.18
potato,24.56,44.71,3.3,42.0
potato,18.81,43.98,44.2,28.88
potato,63.07,17.51,15.08,17.19
potato,30.33,16.15,8.21,29.37
potato,57.63,26.27,11.57,19.3
potato,33.57,34.35,41.68,21.43
potato,42.54,36.89,1.4,36.58
potato,11.2,18.85,10.93,36.46
potato,10.9,19.26,10.82,40.17
potato,48.72,24.52,39.96,9.74
potato,57.09,17.0,2.1,23.61
potato,57.38,35.86,14.72,26.71
potato,69.18,28.68,1.8,26.67
potato,56.64,43.5,17.9,26.41
potato,45.76,26.11,6.8,30.05
potato,55.08,33.75,3.32,26.64
potato,39.64,37.71,9.69,36.36
potato,49.68,24.33,33.87,12.41
potato,19.75,44.84,1.9,42.0
potato,58.66,40.06,71.68,8.0
potato,27.64,34.86,1.84,42.0
potato,32.06,30.69,10.51,33.8
potato,48.76,44.05,0.86,38.51
potato,38.88,12.75,12.33,23.91
potato,29.92,15.42,28.36,21.3
potato,58.36,34.25,0.08,30.62
potato,35.67,16.91,36.25,13.41
potato,41.01,19.22,3.53,27.86
potato,45.95,13.11,0.9,28.26
potato,43.29,24.8,12.51,24.6
potato,31.93,42.77,0.85,42.0
potato,58.23,16.44,5.26,21.32
potato,53.02,12.95,25.06,12.32
potato,16.01,35.12,17.08,41.35
potato,59.86,11.46,0.35,20.8
potato,43.5,42.11,7.45,34.64
potato,60.7,10.01,2.77,19.62
potato,66.31,14.29,3.57,24.12
potato,11.77,25.19,4.88,42.0
potato,46.85,28.62,1.45,32.77
potato,36.7,44.98,27.05,29.27
potato,10.19,20.62,1.72,42.0
potato,38.37,33.7,31.13,20.4
potato,25.21,21.58,4.72,38.03
potato,40.69,25.41,10.77,26.57
potato,25.08,15.82,6.45,35.83
potato,54.51,36.48,16.49,24.19
potato,44.24,26.95,11.98,24.37
potato,39.51,29.79,18.86,26.81
potato,18.15,12.33,56.0,10.39
potato,67.42,12.12,8.78,18.01
potato,59.81,43.27,15.09,24.62
potato,31.23,31.12,5.61,34.39
potato,27.6,11.17,25.38,23.08
potato,37.02,21.38,9.55,28.48
potato,61.46,41.41,43.98,11.71
potato,33.85,17.6,7.02,28.45
potato,46.44,26.68,30.12,15.6
potato,11.93,32.54,21.59,39.17
potato,53.74,42.47,6.07,31.87
potato,40.19,10.49,0.1,28.56
potato,25.61,16.2,0.43,36.03
potato,64.56,10.29,19.98,12.96
potato,50.33,10.19,62.87,8.0
potato,62.67,41.33,16.15,26.5
potato,27.49,29.69,1.58,39.92
potato,65.32,14.93,3.82,23.26
potato,47.16,18.12,0.01,28.18
potato,55.43,44.48,24.9,23.61
potato,34.59,28.37,9.73,32.44
potato,36.86,37.13,11.22,32.62
potato,12.26,30.41,3.92,42.0
potato,18.89,32.88,17.15,37.77
potato,63.64,42.77,24.7,24.14
potato,48.14,20.63,61.07,8.0
potato,36.53,11.99,57.59,8.0
potato,45.31,29.49,16.0,24.29
potato,46.74,35.07,8.09,30.6
potato,55.44,17.95,3.75,21.6
potato,60.82,38.98,7.24,27.28
potato,45.35,35.23,4.14,33.54
potato,30.27,34.61,3.78,40.05
potato,25.67,27.92,5.78,37.59
potato,12.14,34.65,10.16,42.0
potato,15.65,16.01,1.62,39.0
potato,55.26,10.72,4.3,20.68
potato,63.44,35.15,1.14,30.35
potato,60.81,31.03,17.18,22.72
potato,69.61,18.13,14.67,15.98
potato,10.87,14.17,15.71,34.5
potato,44.03,29.37,0.49,34.54
potato,33.86,31.87,22.7,27.73
potato,57.04,28.17,29.27,14.87
potato,24.41,19.81,0.82,37.8
potato,57.73,24.6,3.9,25.25
potato,60.03,29.37,14.36,21.16
potato,38.46,23.71,37.06,14.97
potato,30.67,27.44,9.18,32.72
potato,41.13,14.9,10.8,22.65
potato,13.89,36.69,8.36,42.0
potato,47.6,35.47,17.06,22.38
potato,32.56,32.4,10.24,33.92
potato,60.95,40.61,2.81,32.26
potato,28.07,10.65,32.93,16.72
potato,23.61,42.52,18.96,37.48
potato,24.05,28.24,2.83,41.66
potato,28.33,21.25,2.61,37.02
potato,20.03,11.0,14.89,29.85
potato,68.56,21.59,1.89,25.89
potato,57.04,31.79,5.68,27.0
potato,42.51,13.19,17.04,22.31
potato,57.42,16.78,4.55,21.94
potato,40.76,21.57,29.55,19.3
potato,44.84,37.06,6.07,33.08
tomato,59.88,19.61,11.85,13.53
tomato,29.09,19.33,51.16,6.4
tomato,19.6,37.56,62.18,11.49
tomato,10.71,30.58,10.44,36.0
tomato,62.4,12.94,17.16,12.14
tomato,66.54,38.81,0.64,28.84
tomato,38.26,23.93,5.57,20.62
tomato,35.94,44.27,1.39,33.77
tomato,65.33,26.81,14.66,14.52
tomato,35.83,24.33,7.04,25.98
tomato,65.53,39.01,1.73,26.28
tomato,15.92,31.67,2.33,36.0
tomato,41.34,10.25,5.71,19.77
tomato,68.7,40.59,6.67,27.74
tomato,12.73,39.6,36.33,25.94
tomato,69.87,19.05,19.32,10.02
tomato,64.48,18.25,35.83,6.4
tomato,41.93,26.73,3.79,23.91
tomato,52.34,16.68,12.07,12.22
tomato,23.96,27.2,30.89,16.73
tomato,52.72,30.3,1.4,21.9
tomato,57.18,18.75,8.09,16.02
tomato,31.03,40.06,2.03,33.68
tomato,52.29,41.68,8.55,24.5
tomato,39.29,42.46,11.04,32.11
tomato,51.35,13.74,25.81,6.4
tomato,36.13,12.53,23.14,12.46
tomato,48.03,40.8,32.81,12.23
tomato,67.46,40.37,0.03,29.67
tomato,31.98,31.05,13.98,24.69
tomato,31.9,41.66,10.49,31.51
tomato,39.61,16.24,10.79,18.27
tomato,58.84,37.19,23.31,13.5
tomato,61.73,41.27,3.24,27.97
tomato,17.83,44.15,30.41,31.88
tomato,42.72,11.79,20.53,12.91
tomato,40.32,32.67,10.48,22.04
tomato,26.72,15.56,3.27,27.79
tomato,68.38,15.36,4.71,19.24
tomato,19.24,37.78,23.07,31.35
tomato,24.24,20.1,41.71,11.39
tomato,14.93,24.64,12.29,32.63
tomato,21.24,25.69,13.78,29.77
tomato,60.43,21.33,27.36,6.4
tomato,16.21,39.32,2.49,36.0
tomato,38.32,41.78,6.77,29.37
tomato,27.23,27.53,9.13,30.45
tomato,55.57,39.85,54.1,6.4
tomato,26.0,35.06,7.52,32.46
tomato,69.63,35.51,45.7,6.4
tomato,60.1,41.6,25.26,13.36
tomato,32.22,10.71,11.13,21.03
tomato,40.3,28.38,54.76,6.4
tomato,31.63,37.95,11.14,26.84
tomato,44.33,39.86,24.59,18.61
tomato,36.13,20.31,0.77,24.74
tomato,39.23,22.44,4.35,25.0
tomato,24.69,11.73,28.33,17.35
tomato,10.6,42.8,14.82,36.0
tomato,10.54,18.24,2.22,34.55
tomato,46.73,15.83,11.28,12.36
tomato,12.1,11.3,0.4,36.0
tomato,54.35,21.13,23.87,6.4
tomato,40.77,34.96,4.79,24.23
tomato,17.3,29.46,5.94,36.0
tomato,39.65,31.71,11.79,22.08
tomato,54.39,34.71,11.46,21.13
tomato,35.94,24.45,21.67,17.63
tomato,44.95,12.49,33.4,6.4
tomato,35.67,21.57,1.42,25.28
tomato,43.76,26.77,1.66,26.66
tomato,56.04,41.69,7.9,25.55
tomato,67.18,40.29,5.28,24.94
tomato,34.11,30.15,13.13,22.66
tomato,55.0,27.85,1.66,21.46
tomato,68.28,14.13,47.64,6.4
tomato,15.46,18.09,0.72,35.4
tomato,36.04,42.5,13.38,29.08
tomato,47.8,39.59,5.28,27.07
tomato,64.06,44.18,34.82,11.67
tomato,17.64,38.83,7.91,36.0
tomato,43.23,28.54,5.82,23.74
tomato,14.5,41.35,24.34,32.71
tomato,47.55,24.32,4.4,19.7
tomato,61.58,34.51,11.9,18.47
tomato,38.44,16.78,3.51,22.77
tomato,49.68,41.89,7.76,25.71
tomato,62.27,36.19,30.46,9.31
tomato,42.19,36.32,2.26,26.96
tomato,40.68,42.52,31.11,15.05
tomato,18.07,16.05,6.64,31.29
tomato,64.17,43.68,15.9,19.06
tomato,60.29,28.38,3.5,25.38
tomato,54.55,17.7,6.89,17.34
tomato,31.84,43.58,8.8,34.22
tomato,25.93,30.02,33.71,19.02
tomato,38.51,43.08,3.62,33.06
tomato,59.62,39.55,12.63,21.58
tomato,32.94,42.71,8.49,28.86
tomato,43.89,26.47,0.74,27.26
tomato,62.92,25.55,13.34,16.58
tomato,15.95,41.81,3.63,36.0
tomato,22.28,16.35,0.21,32.04
tomato,46.85,16.59,5.04,18.39
tomato,38.56,43.4,4.26,31.53
tomato,27.87,25.96,1.11,34.08
tomato,57.92,18.52,19.39,9.83
tomato,58.57,43.88,9.75,24.22
tomato,53.64,22.97,3.06,17.62
tomato,68.92,13.37,13.35,12.01
tomato,47.59,28.83,16.28,16.49
tomato,27.23,42.91,21.54,26.94
tomato,68.35,11.31,5.03,17.65
tomato,23.87,27.82,32.81,16.6
tomato,51.63,23.81,6.99,15.89
tomato,48.04,22.75,28.7,7.17
tomato,55.39,31.37,6.79,21.93
tomato,39.18,17.87,3.26,21.21
tomato,19.92,37.2,3.9,34.36
tomato,44.78,40.7,30.35,17.4
tomato,37.06,10.54,8.34,22.36
tomato,49.08,15.39,15.6,14.75
tomato,20.96,36.27,6.21,36.0
tomato,34.47,34.68,3.86,30.8
tomato,57.72,32.08,13.29,17.59
tomato,45.84,26.54,17.98,12.01
tomato,36.02,17.08,3.61,24.65
tomato,22.15,43.57,10.47,36.0
tomato,65.02,34.74,19.23,17.81
tomato,30.34,38.68,2.1,34.13
tomato,20.4,21.93,7.88,31.79
tomato,15.82,22.29,27.23,21.43
tomato,14.01,42.98,64.37,14.8
tomato,32.34,37.17,13.59,27.06
tomato,48.66,36.51,1.88,26.84
tomato,44.64,41.14,18.07,22.89
tomato,22.1,25.04,10.22,29.85
tomato,40.37,10.9,38.8,6.4
tomato,61.11,28.35,3.9,20.71
tomato,25.33,27.73,50.9,7.23
tomato,44.5,41.15,15.79,24.59
tomato,38.28,40.4,5.17,30.53
tomato,17.73,39.94,13.28,35.66
tomato,32.5,31.91,23.67,19.59
tomato,26.84,29.49,18.5,25.14
tomato,46.37,43.23,6.22,27.18
tomato,16.49,27.73,1.35,36.0
tomato,32.12,12.3,14.6,22.2
tomato,45.11,19.83,36.16,6.4
tomato,42.63,13.51,40.36,6.4
tomato,32.47,12.83,7.35,23.73
tomato,51.67,11.94,5.02,20.25
tomato,59.15,12.8,29.02,6.4
tomato,19.17,12.32,3.65,28.68
tomato,17.67,20.93,10.84,31.33
tomato,49.37,31.31,7.96,21.25
tomato,38.43,24.51,27.69,11.26
tomato,63.41,40.07,1.2,28.09
tomato,16.38,27.33,14.09,32.24
tomato,45.69,21.37,0.39,20.61
tomato,55.01,17.52,26.98,8.07
tomato,62.38,40.23,6.97,21.76
tomato,22.53,37.13,8.51,34.83
tomato,49.7,20.89,5.79,17.11
tomato,30.37,33.81,0.9,32.63
tomato,14.85,40.62,29.36,30.25
tomato,34.21,34.58,12.22,25.97
tomato,41.42,26.99,6.55,24.45
tomato,63.49,15.81,2.43,20.55
tomato,21.68,23.68,43.94,13.39
tomato,24.8,33.39,20.21,27.45
tomato,54.2,26.03,12.64,15.77
tomato,51.56,30.73,31.64,6.4
tomato,22.83,11.32,0.66,29.43
tomato,62.2,33.74,16.21,18.78
tomato,38.82,40.46,6.68,30.2
tomato,65.6,34.45,4.46,25.26
tomato,18.27,30.69,5.67,36.0
tomato,13.14,43.2,15.39,36.0
tomato,31.42,27.94,16.89,24.06
tomato,67.62,18.88,31.19,6.4
tomato,65.88,23.93,45.87,6.4
tomato,52.17,11.47,35.61,6.4
tomato,43.99,15.23,9.5,15.24
tomato,59.87,10.54,4.78,17.88
tomato,66.71,31.3,4.41,23.09
tomato,65.45,37.14,12.81,20.96
tomato,52.74,22.89,18.73,11.92
tomato,12.42,23.52,7.82,34.77
tomato,58.14,44.59,6.38,25.12
tomato,45.96,42.8,2.74,30.81
tomato,15.34,40.14,25.16,32.11
tomato,12.0,13.19,0.76,35.9
tomato,41.94,19.37,36.39,6.4
tomato,32.1,11.59,5.35,20.74
tomato,26.43,14.6,25.65,18.01
tomato,69.77,21.53,7.21,19.02
tomato,33.52,41.67,12.31,30.92
tomato,37.02,32.63,45.8,7.25
tomato,28.87,34.51,26.25,18.92
tomato,53.88,44.63,4.77,27.77
tomato,31.73,35.69,1.65,34.18
tomato,57.36,28.63,5.19,22.54
tomato,22.57,11.06,8.53,29.14
tomato,44.17,40.68,39.51,13.38
tomato,36.36,36.11,3.44,30.94
tomato,32.26,32.2,0.27,33.69
tomato,33.95,25.68,28.59,15.77
tomato,56.54,20.09,5.87,17.88
tomato,19.73,20.85,34.54,19.28
tomato,51.29,44.51,21.85,18.13
tomato,30.81,40.18,28.89,25.1
tomato,11.34,31.33,6.88,36.0
tomato,28.59,43.01,2.97,36.0
tomato,49.76,33.52,4.36,24.54
tomato,55.71,21.52,11.45,13.95
tomato,13.7,17.31,9.98,30.63
tomato,51.61,42.91,12.13,23.04
tomato,46.01,44.19,15.41,26.21
tomato,69.41,13.17,16.51,12.04
tomato,27.0,32.4,14.03,27.49
tomato,47.3,14.49,4.62,17.19
tomato,60.11,21.45,10.04,17.62
tomato,55.32,41.56,37.06,7.55
tomato,56.6,17.99,0.38,17.29
tomato,52.62,33.14,0.67,24.23
tomato,60.2,18.71,8.49,13.87
tomato,36.48,12.3,7.7,24.02
tomato,55.89,42.03,8.0,27.18
tomato,66.57,19.35,8.7,14.22
tomato,57.76,31.34,1.76,21.72
tomato,40.61,28.52,31.34,12.47
tomato,37.75,19.78,3.94,23.14
tomato,35.55,16.55,22.26,14.5
tomato,38.46,22.29,6.72,22.81
tomato,53.07,41.4,34.8,12.68
tomato,29.71,43.34,0.38,36.0
tomato,26.48,19.56,5.41,27.12
tomato,46.74,25.34,19.46,14.14
tomato,22.27,42.64,4.61,36.0
tomato,18.99,13.15,12.43,25.14
tomato,46.25,38.59,21.49,16.71
tomato,25.75,18.59,50.63,6.4
tomato,52.43,30.57,5.74,18.23
tomato,43.23,35.57,0.65,28.72
tomato,17.91,33.25,3.61,36.0
tomato,35.97,16.92,11.93,20.01
tomato,14.08,13.79,10.67,28.71
tomato,37.89,43.31,43.46,13.58
tomato,37.3,22.47,44.09,6.49
tomato,46.17,30.27,3.96,22.79
tomato,16.88,39.29,0.42,36.0
tomato,60.04,14.91,32.65,6.4
tomato,43.95,20.94,2.94,22.2
tomato,61.55,24.12,7.63,17.04
tomato,62.3,22.71,45.42,6.4
tomato,66.78,15.07,2.93,17.09
tomato,10.26,19.59,13.66,32.21
tomato,57.96,14.67,1.76,18.33
tomato,45.39,36.92,8.4,24.79
tomato,55.51,23.01,4.2,18.06
tomato,68.88,22.23,38.21,6.4
tomato,65.98,18.46,24.01,8.39
tomato,37.01,36.05,9.44,27.15
tomato,23.67,16.98,8.31,27.57
tomato,51.32,19.88,9.85,16.96
tomato,12.66,38.61,68.92,13.85
tomato,20.19,32.84,14.2,31.21
tomato,57.27,18.89,21.64,6.86
tomato,42.73,15.15,9.04,19.53
tomato,62.87,24.74,27.45,6.4
tomato,44.87,27.71,7.63,21.94
tomato,17.18,24.58,1.13,35.56
tomato,28.32,42.39,7.07,33.67
tomato,55.47,28.56,18.27,16.0
tomato,31.9,13.51,16.8,18.92
tomato,10.47,26.64,3.21,36.0
tomato,37.86,38.61,10.63,27.46
tomato,39.75,42.56,33.1,15.85
tomato,42.7,17.84,8.8,19.34
tomato,39.05,39.11,33.95,14.97
tomato,61.71,16.1,14.59,11.63
tomato,11.5,23.98,63.99,8.46
tomato,28.43,41.68,30.53,21.57
tomato,24.26,12.84,14.8,25.06
tomato,11.93,14.67,17.39,25.65
tomato,22.74,40.02,0.91,36.0
tomato,20.96,31.35,19.43,26.83
tomato,28.87,39.01,13.87,31.61
tomato,44.61,15.79,7.73,14.43
tomato,30.61,24.03,21.48,20.47
tomato,27.62,24.55,23.19,20.05
tomato,42.76,29.15,0.82,24.02
tomato,69.96,20.79,32.38,6.4
tomato,50.57,21.93,11.76,14.01
tomato,30.11,11.47,13.68,19.66
tomato,61.29,23.36,20.21,8.91
tomato,18.46,34.83,28.92,27.64
tomato,51.15,10.63,3.65,17.35
tomato,55.39,13.87,27.33,6.4
tomato,43.33,34.15,53.32,6.4
tomato,61.09,41.72,10.59,21.75
tomato,45.65,34.79,26.82,14.54
tomato,38.88,25.77,8.27,22.64
tomato,40.55,43.08,11.92,28.57
tomato,50.75,31.24,12.48,18.95
tomato,61.66,38.76,1.96,25.91
tomato,25.22,40.44,8.49,36.0
tomato,58.5,19.22,0.06,18.04
tomato,55.26,19.66,8.8,15.25
tomato,15.22,20.03,22.81,24.67
tomato,65.05,33.79,24.99,11.36
tomato,16.54,18.78,33.74,18.83
tomato,49.83,24.5,0.68,23.39
tomato,57.07,33.75,9.6,20.07
tomato,27.66,40.55,23.92,27.17
tomato,40.9,14.58,3.63,19.55
tomato,60.19,43.25,24.57,19.17
tomato,32.65,37.6,6.5,32.61
tomato,24.34,17.23,52.51,6.4
tomato,11.5,37.5,5.82,36.0
tomato,26.44,12.28,0.77,27.54
tomato,16.93,12.5,21.44,19.95
tomato,35.1,42.51,36.25,17.09
tomato,52.94,40.96,5.78,27.48
tomato,47.42,26.86,7.68,17.58
tomato,69.17,38.74,8.56,21.61
tomato,16.01,22.34,7.74,33.55
tomato,10.99,38.52,6.68,36.0
tomato,20.5,41.14,14.07,34.7
tomato,67.02,44.96,6.97,27.45
tomato,69.92,32.04,23.78,12.07
tomato,56.9,22.44,12.81,15.13
tomato,11.27,21.78,2.34,36.0
tomato,23.98,41.69,0.56,36.0
tomato,47.01,28.69,3.69,21.23
tomato,19.85,18.29,10.47,26.4
tomato,53.76,21.51,15.9,12.37
tomato,26.78,29.98,22.19,22.94
tomato,30.09,26.25,39.3,11.98
tomato,64.08,13.15,2.12,16.47
tomato,30.73,15.19,15.16,20.07
tomato,66.97,44.89,7.06,27.81
tomato,17.05,34.13,7.89,36.0
tomato,22.37,24.1,1.19,31.68
tomato,28.68,14.24,30.0,14.86
tomato,39.61,30.03,12.64,20.24
tomato,54.71,14.45,1.65,17.62
tomato,52.61,17.31,5.5,12.27
tomato,52.51,31.82,15.51,14.83
tomato,52.84,20.24,5.84,14.26
tomato,69.1,38.49,2.7,24.97
tomato,10.34,11.5,4.2,34.88
tomato,61.48,35.79,3.64,22.78
tomato,33.96,27.78,24.93,20.58
tomato,16.71,29.79,4.29,36.0
tomato,35.9,32.19,4.46,28.37
tomato,23.27,44.54,5.48,36.0
tomato,17.65,29.09,29.27,21.59
tomato,43.7,35.02,19.54,20.42
tomato,49.99,40.48,30.62,10.2
tomato,48.49,38.64,0.09,30.69
tomato,69.52,16.4,9.53,13.74
tomato,38.61,14.64,7.54,21.03
tomato,20.63,22.73,7.01,31.11
tomato,13.1,11.06,1.67,33.9
tomato,67.93,42.93,3.23,26.63
tomato,40.93,29.94,3.76,25.03
tomato,55.4,20.83,38.29,6.4
tomato,57.39,38.63,5.15,27.57
tomato,30.38,42.76,2.7,36.0
tomato,58.07,37.01,37.8,6.84
tomato,41.99,13.5,13.33,15.64
tomato,20.36,10.43,13.51,25.79
tomato,63.2,33.47,60.29,6.4
tomato,68.41,20.08,33.01,6.4
tomato,62.84,36.52,12.43,20.32
tomato,31.41,37.73,21.29,23.06
tomato,64.64,10.52,24.84,6.65
tomato,47.78,44.54,7.61,26.55
tomato,29.91,31.85,26.2,23.35
tomato,61.38,27.17,3.66,19.28
tomato,20.18,10.01,19.0,22.48
tomato,27.87,29.61,7.61,29.13
tomato,50.48,11.95,1.98,14.83
tomato,27.75,12.35,33.91,12.04
tomato,51.51,14.26,1.01,21.03
tomato,55.38,37.3,9.75,20.81
tomato,35.79,10.39,39.17,6.4
tomato,65.18,42.02,67.9,6.4
tomato,62.44,44.92,4.21,28.17
tomato,23.86,13.45,58.25,6.4
tomato,27.76,40.48,0.06,36.0
tomato,24.32,34.14,12.51,30.16
tomato,14.65,15.69,7.37,32.02
tomato,34.96,13.27,9.93,19.94
tomato,15.45,14.51,4.11,31.73
tomato,26.35,29.22,19.19,26.03
tomato,69.6,14.6,0.76,19.95
tomato,60.78,33.75,46.19,6.4
